id,sentence,intent
37,من بعد اذنك في حجز ذهاب و اياب على دبي 29 /1 الذهاب و 5 /2 الاياب  ؟؟؟,booking_availablity
46,صباح الخير لو سمحت في بعد بكرة حجز ع بغداد من مطار دمشق,booking_availablity
1431,هل يوجد اماكن يوم الخميس دمش بغداد,booking_availablity
211,في حجز رحلة من مسقط الى دمشق يوم الجمعة ٢٧ الشهر,booking_availablity
527,في حجز ٦/٧ بيروت دمشق,booking_availablity
720,بدي استفسر اذا في حجز ذهاب واياب بتاريخ 5/3 ذهاب من دمشق الدولي للشارقة واياب بتاريخ 14/4,booking_availablity
767,لوحابب احجز من الدوحه عحلب في حجز,booking_availablity
782,هل في حجز من دمشق الى البحرين,booking_availablity
1077,هل يوجد حجز مباشر لحلب  من الامارات ليوم,booking_availablity
1079,هل يوجد حجز في تاريخ 8/2/2023,booking_availablity
1112,مرحبا بدي اعرف اذا في حجز طيارة من بيروت الى دمشق الجمعة صباحا في ١٠/٢,booking_availablity
1116,بتاريخ ١٨ شهر اذار الذهاب من ابو ظبي والعودة بتاريخ ٢٩ شهر نيسان من دمشق مفتوح الحجز,booking_availablity
1278,هل يوجد حجز بيوم ٢٧ من دبي إلى دمشق,booking_availablity
1477,يوجد حجز غدا الى دمشق,booking_availablity
1516,ممكن اعرف اذا في حجز ٣ مقاعد من الشام للقامشلي قبل العيد آخر رمضان,booking_availablity
1590,بدي استفسر عن حجز  بدي اسأل إذا متوفر حجز من بيروت ل دمشق ذهاب بس,booking_availablity
1742,هل يوجد حجز من مسقط الى حلب وبالعكس,booking_availablity
2041,رحله من تاريخ 22/3 والعوده 1/5 من مطار الكويت الى مطار دمشق الدولي,booking_availablity
2203,هل يوجد حجز مباشر من الرياض الى دمشق,booking_availablity
2252,في حجز من الكويت الى دمشق  تاريخ 4/22 الى 4/29,booking_availablity
1792,رحلة دم دمشق إلى بغداد تاريخ ١٣.٣.٢٠٢٣ ذهاب فقط موجود,booking_availablity
541,هل يوجد حجز ب  تشرين الاول؟,booking_availablity
245,"بدي استفسر عن الحجوزات بشهر 4 ، ايام 6_13_20 رحله مباشر ، من دمشق الى مسقط",booking_availablity
1450,لو سمحت حابب اعرف امتى في حجوزات من دمشق الى دبي ذهاب و اياب,booking_availablity
1613,لوسمحتوا في حجز من موسكو على مطار اللاذقية؟,booking_availablity
1818,"اريد ان احجز رحلة طيران من بيروت إلى دمشق، وأريد الدفع إلكترونيا، لم استطيع ان احجز",booking_issues
865,عم حاول شوف سعر التكت و عم دخل كل شي مطلوب بس اخر شي ما بيطلع شي,booking_issues
582,كيف فيني احجز,booking_methods
583,السلام عليكم لدي سؤال بعد اذنكم كيف يمكنني حجز في شركتكم الى دمشق او حلب علما انني الان مقيم في بلجيكا الرجاء منكم اعطائي بعض الارشادات للحجز تحياتي لكم و الى جميع العامليت معكم,booking_methods
980,بدي احجز من السعودية لدمشق شلون,booking_methods
981,مرحبا لو سمحتو أنا بجدة وبدي احجز عن طريقكم لأنزل ع الشام شو الطريقة,booking_methods
982,كيف بدي احجز من المانيا,booking_methods
1113,كيف ممكن احجز من ابوظبي الى دمشق,booking_methods
1378,أنا سوري موجود بطهران كيف بدي احجز على دمشق,booking_methods
1605,انا بالبحرين بغيت اشتري تذكره من الكويت الى دمشق شنو الطريقه,booking_methods
1706,نحن عائله من اربع اشخاص من موسكو الى دمشق نبحث عن بطاقات طيران نعيش في بيلاروسيا فسؤال كيف فينا نشتري بطاقات من بيلاروسيا,booking_methods
2048,فيني اشتري تكت ل 3اشخاص اونلاين,booking_methods
2263,كيف ممكن احجز بطاقات طيران ذهاب اياب من الكويت لدمشق اونلاين؟,booking_methods
2292,كيفية الحجز,booking_methods
2293,كيف بدي احجز لاربيل ذهاب فقط,booking_methods
1125,لو سمحتو طريقة الحجز من الرياض الى دمشق,booking_methods
1038,حجزت اليوم برحلة دمشق القامشلي يوم ١٩ فبراير وحابب اجل الحجز تبعي شو التكاليف الي بتترتب عالبطاقة,change_book_cost_inquiry
2227,اريد ان اسبق في حجز العودة,change_book_inquiry
1194,لو سمحتو كم رحلة في للرياض من دمشق,flight_schedules_inquiry
2101,هل يوجد خصومات ؟او عروض ؟,offer_inquiry
2210,كم كلفه عرض العطلات رحله دبي لشخصين بعيد الفطر,offer_inquiry
2100,كيف ألية الدفع ممكن عن طريق تحويل مصرفي ؟,payment_methods
733,من سوريا إلى الإمارات شو بتكلف,ticket_price_inquiry
1494,بدي استفسر عن الحجوز بشهر 7 من الشارقة الى حلب ذهاب و اياب كم ؟,ticket_price_inquiry
1813,هل يوجد طيران من أي بلد أوربي إلى دمشق؟,flight_schedules_inquiry
1923,ممكن أعرف كم رحلة في بالأسبوع من مسقط لدمشق,flight_schedules_inquiry
31,بدي احجز تكت من دمشق ل مطار الشارقة,book_flight
32,"اذا سمحت اريد ان احجز بطاقة سفر من بيروت الى دمشق، هذا الاسبوع",book_flight
33,لو سمحت بدي احجز ع دمشق من الرياض,book_flight
34,أرغب بالحجز من دمشق إلى الرياض,book_flight
35,بدي احجز من الشارقة للشام تو واي,book_flight
36,عايز احجز ع مطار حلب يوم 2/8,book_flight
38,لو سمحت بدنا نحجز شخصين مع طفلين من الشام لا بيروت,book_flight
39,بدي احجز ذهاب٢/٢٣على الشارقة من دمشق واياب ٤/٣٠,book_flight
40,بدي احجز الى امريكا,book_flight
41,بدي حجز تذكرة السوريا,book_flight
42,مرحبا اريد حجز لشخصين الى الرياض مع نهاية الاسبوع القادم,book_flight
43,اريد حجز رحلة اربيل دمشق لاكن لشخص حالته خاصة عندة ضرب عملية جراحية في رجله يحتاج كرسي,book_flight
44,بدي احجز ع اللادقية من الشترقة بتاريخ 25/04,book_flight
45,ممكن حجز من الشام بتاريخ ٣٠,book_flight
141,لو سمحت اذا بدي احجز ع دبي روحه رجعه لشخصين,book_flight
225,تذاكر من طهران الى برلين المانيا خمسة اطفال وبالغ واحد  يوم ٢/١ او ٢/٢/٢٠٢٣,book_flight
570,اريد الحجز من جدة الى حلب شخصين,book_flight
573,محتاج تذكرتين من سوريا للكويت ذهاب و اياب,book_flight
574,بدي احجز من دمشق للرياض يوم ٢٨/١,book_flight
575,السلام عليكم رحله من دمشق الشارقه بتاريخ 15هدا الشهر والرجوع بعد 60 يوم شخص واحد,book_flight
577,ابحث عن حجز من بيروت الى دمشق او حلب بتاريخ 5 او 6 او 7 شباط 2023,book_flight
578,حجز حلب الشارقة,book_flight
579,سلام عليكم من بيروت ع حلب ذهاب 6.2.2023,book_flight
580,اريد حجز طيران من الرياض الى دمشق,book_flight
581,مرحبا اريد تكت من المانيا دوسلدورف إلى دمشق,book_flight
584,لو سمحت ممكن أحجز تذكرة عدمشق,book_flight
979,حاب احجز للشام من تاريخ 16 مايو الى 21 مايو من الكويت,book_flight
984,اود ان احجز تذكره لسوريا,book_flight
985,حجز طيران من حلب سوريا إلى الشارقة شخص بالغ تاريخ 22/2 وحتى 22/04,book_flight
987,بدي أحجز  لإخواتي البنات  من دمشق للرياض,book_flight
1319,"لو سمحت بدي احجز 2 تيكت طيران من مطار حلب إلى مطار الشارقة بتاريخ ذهاب 25 فبراير وعودة 22 ابريل ،  ممكن مساعدة بهالموضوع؟",book_flight
1419,بدی تذکر ایاب وذهاب  من طهران الی دمشق,book_flight
1432,بدي احجز من الشارقة بتاريخ 1 ابريل و الرجعة ب 23 ابريل,book_flight
1453,اريد انا احجز من حلب الى يريفان ذهاب و اياب,book_flight
1528,بدي احجز من حلب للإمارات لمدة اسبوعين,book_flight
1658,بدي احجز من ماليزيا لسوريا ذهاب,book_flight
1662,اريد حجز من تهران إلى دمشق الاسبوع المقبل,book_flight
1691,بدي احجز على يوم السبت,book_flight
1733,صباح الخير. اود السفر مع اجنحة الشام من دوسولدورف الى القامشلى,book_flight
1781,انا مقيم في الدوحة بدي حجز من الدوحة على دمشق من دمشق على القامشلي,book_flight
1829,بدي احجز من الكويت الى دمشق تاريخ 25/6,book_flight
1838,اوك الحجز من مطار الشارقة إلى مطار حلب بتاريخ 10\6 والعودة 8\7 السبت,book_flight
1892,بدي احجز الي ولزوجتي من الشام للرياض,book_flight
1930,اريد الحجز من دمشق,book_flight
1932,شراء التذكرة من دنشق,book_flight
1938,لوسمحت بدي احجز من الرياض الى دمشق,book_flight
2019,حجز من دمشق الى النجف,book_flight
2039,حجز من الرياض لدمشق تاريخ ١٥/٤ هودة بعد 20 يوم,book_flight
2099,بدي احجز تذكرة الي و لزوجتي و طفلين من دمشق للشارقة ذهاب 24-4-2023 إياب 29-4-2023,book_flight
2182,انا بكندا و أريد حجز تذكرة اون لاين كويت دمشق كويت,book_flight
2247,من فضلك بدي احجز للشارقة,book_flight
2274,انا بدي احجز رحلة من جده الى دمشق سوري الجنسيه مقيم في السعوديه,book_flight
2288,عايز تكت من حلب لبيروت,book_flight
2294,حاب احجز تذكرة من الشارقة الى حلب,book_flight
63,و شو تكلفة تغير الموعد,change_book_cost_inquiry
64,اديش تكلفة رسوم التغيير ؟,change_book_cost_inquiry
66,ما هو رسم التعديل,change_book_cost_inquiry
486,كم رسوم التغير اذا كان شهر ؟,change_book_cost_inquiry
497,كم رسوم التغيير,change_book_cost_inquiry
600,اذا اريد ان اغير حجزي من 26/2 الى 20/2 كم هاذا سيكلف,change_book_cost_inquiry
603,ممكن اعرف رسم التغيير,change_book_cost_inquiry
1010,تمام وكم رسوم التغيير,change_book_cost_inquiry
1011,ممكن الاستعلام عن رسوم التغير,change_book_cost_inquiry
1012,عندي حجز بتاريخ 12-2 قدر أعرف اديش تكلفة تأجيل الحجز؟,change_book_cost_inquiry
1013,لو سمحتم اذا اردت تبديل الحجز من الكويت لدمشق من ١٧ فبراير لل٢٤ فبراير هل تكلف اكثر من ١٠ دينار,change_book_cost_inquiry
1014,مرحبا بدي اسأل عن سعر تغيير موعد الحجز,change_book_cost_inquiry
1934,لو سمحت ازا بدي غير موعد الحجز لموعد أبكر شو بتكون الرسوم,change_book_cost_inquiry
2027,كم رسوم التغير,change_book_cost_inquiry
2172,كم الغرامة على تعديل حجز الطيران موعد 27الشهر الحالي الفيزا صالحة لموعد 4/5,change_book_cost_inquiry
2245,رحلتي يوم الجمعة لو احببت التأجيل أسبوع كم التكلفة,change_book_cost_inquiry
1030,في اي شرط لتاجيل,change_book_inquiry
68,لو سمحت انا حاجز على الكويت ذهاب و اياب بتاريخ 2/2 اذا بدي اخليه 2/1 كيف,change_book_inquiry
69,عندي استفسار انا حجزت رحلة علامارات شهر القادم بحسن غير موعد الرحلة ؟,change_book_inquiry
485,كيف يمكنني تمديد حجزي ؟,change_book_inquiry
607,"أنا حجزت من دمشق الى اربيل يوم ١٣/١ يوم الجمعة من فترة وحاليا مضطر غير الحجز ل ٢٠/١ يعني بعد بأسبوع، ممكن هالشي؟",change_book_inquiry
609,السلام عليكم بدي اعدل حجزي,change_book_inquiry
610,هل يمكن تغيير حجز العودة؟؟؟,change_book_inquiry
1016,عندي حجز بتاريخ 2/8 بدي أسأل كيف فيني أجل الحجز لغير تاريخ,change_book_inquiry
1019,هل استطيع تبديل التذكرة من درجة رجال الاعمال الى الدرجة الاقتصادية,change_book_inquiry
1021,اذا بدي غير الحجز لازم عن طريق المكتب؟,change_book_inquiry
1022,عندي حجز بتاريخ ٢٥ هذا الشهر و اريد تعديل التاريخ,change_book_inquiry
1023,لو سمحت انا حاجر عالاجنحة برحلة بتاريخ ٢٣ الشهر  بحقلي غير موعد الرحلة لموعد أقرب في حال في مقاعد فاضية,change_book_inquiry
1024,هل من الممكن تعديل العودة على رحلة الشارقة من دمشق تاريخ 14 /2,change_book_inquiry
1026,كيف يمكنني تأخير تاريخ الحجز,change_book_inquiry
1027,لو سمحت اريد الاستفسار اذا كنت أريد تأجيل حجز خلال اقل من ٢٤ ساعة ما هي الاجراءات,change_book_inquiry
1028,بدي غير الحجز هل ممكن؟,change_book_inquiry
1029,"لو عطيتكم رقم الحجز، ما بيصير تغيرو الموعد من هندكم ؟ انا بالامارات وفي ضرف طارئ لازم ارجع للشام",change_book_inquiry
1031,انا حابه غير موعد رحلتي,change_book_inquiry
1032,حجز والدتي 26308147 هل من الممكن تعديل العودة,change_book_inquiry
1033,اريد تعديل حجز رحلة العودة,change_book_inquiry
1034,اريد تغيير موعد الحجز,change_book_inquiry
1035,حجزت روحة رجعت من سوريا للكويت  وأريد تأخير الرجعة حيث انني حاليا بالكويت.,change_book_inquiry
1036,بدي اجل الرحلة اذا في مجال,change_book_inquiry
1299,"ارغب في تحويل حجزي الى مع الأمتعة وهو حاليا"" بدون أمتعة",change_book_inquiry
1312,لو سمحت عندي استفسار عن امكانية تغيير موعد حجز,change_book_inquiry
1323,"هل مسموح تغير تاريخ الحجز على تذاكركم ،  عندي مسافر الشارقه دمشق تاريخ السفر 3/7، و العودة 4/12 دمشق الشارقه",change_book_inquiry
1338,"عندي حجز اليوم للكويت كيف ممكن أجلو ، انا موجود بدمشق حاليا",change_book_inquiry
1452,إذا بدي حول تذكرتي من سياحية لبزنس,change_book_inquiry
1466,عندي في حجزي في حرف فالكنية نكتب غلط ممكن نعدلو,change_book_inquiry
1476,اريد تاجيل موعد رحلتي من اليوم الي يوم السبت الموافق,change_book_inquiry
1620,سلام عليكم كيف فيني اعدل موعد رحلتي,change_book_inquiry
1675,انا عندي حجز ذهاب وعودة من أربيل إلى دمشق هل يمكنني تغير موعد العودة ؟؟,change_book_inquiry
1738,عندي رحلة من اربيل الى دمشق وبدي غير الموعد تبعا كيف بقدر,change_book_inquiry
1833,من فضلك ارغب بتبديل موعد رحلتي,change_book_inquiry
1834,كانت رجعتي من دبي ٢ نيسان اريد ان اقرب الموعد,change_book_inquiry
1843,كنت حابب اسال حضرتك عن امكانية تاجيل رحلتي,change_book_inquiry
1846,اريد ان اعرف امكانية تاجيل التذكرة ليوم ٢٢ مارس,change_book_inquiry
1856,وبدي اجل التذكرة لتاريخ 4/16,change_book_inquiry
1908,لو سمحت كيف فيني اعدل على الحجز,change_book_inquiry
1955,طيب سؤال تاني اذا بدي عدل الحجز وقربو مثلا ليوم الخميس الامكانية متاحة,change_book_inquiry
2026,اريد اغير موعد الرحله,change_book_inquiry
2095,تغيير الحجز,change_book_inquiry
2166,هل استطيع تغيير موعد الرحلة,change_book_inquiry
2290,اريد تعديل معلومات تذكرة الطيران,change_book_inquiry
128,لو سمحت بدي تعطيني ساعات السفر من دمشق الى الرياض,flight_info_inquiry
101,انا حاجز معكن رحلة من بيروت ل حلب يوم ٨ الرحلة التغت و تحولت للشام هالكلام صحيح ؟,flight_info_inquiry
102,رحلة دمشق الشارقة كم رح تتأخر,flight_info_inquiry
104,لوسمحت ايمتا وقت الرحله يوم ٢٤,flight_info_inquiry
105,ازا سمحتو طائرة دمشق بنغازي لسا ع موعدا ؟,flight_info_inquiry
106,تواصلت معكن اليوم مشان رحلة دمشق بنغازي و كان صاير عليها تأخير بس بدي استفسر ازا صار تأخير تاني او لساتا الساعة 2:55,flight_info_inquiry
107,رحلة الشارقة دمشق ايمتا بتوصل الطائرة لمطار دمشق,flight_info_inquiry
108,اريد توقيت رحلة بنغازي  دمشق,flight_info_inquiry
110,رحلة اليوم من دمشق الى بنغازي الساعة ٩:١٥ المسا لسا عالموعد ؟,flight_info_inquiry
112,اقلاع طيارة موسكو ايمت صارت,flight_info_inquiry
113,متى تتوقعن وصول رحلة ابو ظبي المحولة لمطار اللاذقية الى مطار دمشق,flight_info_inquiry
114,اذا بتريد اليوم كان في طيارة من دمشق الى اربيل كانت عاساس من 9 الصبح وتأجلت لل7المسا بس بدي اتأكد هلحكي صح اذا بتريد,flight_info_inquiry
115,رحلة الشارقة أقلعت الطائرة من مطار دمشق الدولي؟,flight_info_inquiry
116,مرحبا ما هو موعد إقلاع الطائرة من الشارقة الى دمشق اليوم ؟,flight_info_inquiry
117,"رحلة 31 الشهر الجاري من دمشق الى الشارقة، إيمتا موعدها؟",flight_info_inquiry
118,موعد إقلاع رحلة اليوم من الشارقة الى دمشق,flight_info_inquiry
119,بالنسبة لرحلة اليوم من دمشق إلى الشارقة ما هو التوقت الجديد للإقلاع؟,flight_info_inquiry
120,ازا سمحتو رحلة دمشق بنغازي كان لازم الاقلاع ٩ المسا بعدين تأجل للساعة ٣ و يعني ليكا الساعة صارت ٧ الصبح في مجال تفاصيل بس,flight_info_inquiry
121,ممكن بس بدي استفسر عن آخر رحلة من دمشق لأربيل أي ساعة طلعت,flight_info_inquiry
123,في رحلة اليوم من الشارقة الى دمشق بدي اتاكد انها عالموعد,flight_info_inquiry
124,رحلة الشارقة لحلب غدا اي ساعه توصل,flight_info_inquiry
125,يعطيكم العافيه طائرة اليوم وصلت عالشام,flight_info_inquiry
127,هل يوجد تأخير في الرحلات المغادرة من بيروت إلى حلب,flight_info_inquiry
129,مرحبا صديقي رحلة 31/1 من اربيل إلى دمشق هلا تم تأجيلها أم إلغها,flight_info_inquiry
130,اي ساعة الانطلاق و اي ساعة بتوصل ابوظبي؟,flight_info_inquiry
131,ممكن اتأكد من رقم الحجز 12334243 من حلب للشارقة,flight_info_inquiry
132,رحلة اايوم من الشارقة الى مطار اللاذقية اي ساعة بتوصل بتوقيت اللادقية؟,flight_info_inquiry
133,السلام عليكم لو سمحت رحلة الأجنحة غدا من دمشق هل فيها تغيير إلى الكويت,flight_info_inquiry
134,ايمتىى موعد الرحلة,flight_info_inquiry
491,أريد التأكد من ثبات الحجز,flight_info_inquiry
498,كيف بدي اعرف تاريخ رحلتي,flight_info_inquiry
500,رحلة دمشق بصرة يوم ٢٧ يناير الجمعة كنت قد قمت بالحجز عليها والان لم تظهر ببيانات الحجز هل تم الغائها ام تأجلت ؟,flight_info_inquiry
507,"رحلة أجنحة الشام من اربيل لدمشق يوم ٥ الشهر ، هل تغير موعدها",flight_info_inquiry
508,لو سمحت هل يوجد تاخير ع الطائرة,flight_info_inquiry
515,فيني اتاكد من حجز طيران,flight_info_inquiry
521,لسه الرحلة من قامشلي الى دمشق موجودة لانو مبارح تاجلت,flight_info_inquiry
522,بس  اسال لسه ماتاجلت ؟,flight_info_inquiry
640,هل هناك تغير  في مواعيد رحلات دمشق الكويت يوم الخميس القادم,flight_info_inquiry
641,انا عندي رحلة ٥ الشهر من موسكو لدمشق  صار في شي اي تغيير و لا الرحلة على حاله,flight_info_inquiry
642,رحلة الشارقة لدمشق  اليوم تاجلت ؟,flight_info_inquiry
643,مواعيد الرحلات فيه تغيير  اليوم من الشارقة الساعه ٤ الى دمشق,flight_info_inquiry
644,لو سمحتم رحلة دمشق اربيل هذه الليلة مستمرة ام تم تأجيلها نتيجة توقف المطار,flight_info_inquiry
646,صباح الخير نحن طيارتنا بكرا عالشام من الكويت شو رح يصير هلأ سمعنا بالاخبار انو مطار دمشق خارج الخدمة,flight_info_inquiry
647,هل رحلة SAW705 قائمة ام لا جراء القصف,flight_info_inquiry
648,رحلة الشارقة من دمشق صباح يوم ٢٠٢٣/١/٢ ما زالت ب موعدها ؟,flight_info_inquiry
649,ممكن اعرف رحلة اليوم من اربيل الى دمشق هل سوف يتم نقل المسار الى حلب,flight_info_inquiry
650,عندي حجز الاسبوع هاد هل في تأجيل ؟؟؟,flight_info_inquiry
652,مرحبا بدي اسأل بخصوص حجز رقم 12403607 الرحلة طالعة اليوم ولا المطار موقف,flight_info_inquiry
653,بدي اتاكد من حجز طيران رقم١٢٣٠٢٢١٥,flight_info_inquiry
654,"مرحبا ، يعطيك العافية ، بدي اتاكد اذا الرحلة عوقتها وموعدها ماتغير ،  RESERVATION NUMBER (PNR) 12352129",flight_info_inquiry
656,لو سمحتوا الرحلات بكره الرياض دمشق في عليها تعديلات ؟؟؟,flight_info_inquiry
657,لو سمحتوا في اي تغيير على رحلة دمشق الشارقة ؟,flight_info_inquiry
658,وهل لي أن أعرف اذا كان هنالك أي تأخير في رحلة دمشق من مطار أبو ظبي؟,flight_info_inquiry
659,لو سمحت في رحلة من دمشق ع القامشلي ع اساس ١٠ ونص وتأجلت فينا نعرف لأيساعة تأجلت,flight_info_inquiry
660,12369941 اختي مرحبا  بخصوص الحجز الي فوق هل تم الغاءه؟,flight_info_inquiry
661,يعطيك العافية بدي اتاكد من موعد الرحلة اذا في تغيير او لا 3862302974711/2 3862302974710/2  3862302974712/2 رحلة رقم 6Q742,flight_info_inquiry
662,لو سمحت بدي اتاكد من موعد الرحلة والحجز,flight_info_inquiry
664,لو سمحتو بدي استفسر عن موعد رحلة اربيل دمشق بكرا 30 /12 إذا لسا على نفس الموعد. محمد كنعان الجندلي الرفاعي,flight_info_inquiry
665,موعد وصول طائرة اجنحة الشام. موعد وصول رحلة الشارقة حلب 31/12/2022,flight_info_inquiry
666,طيارة الشارقة دمشق كانت الساعة 6ونص. وتغيرت لل10. اجاني مسج من عندكم من السيستيم. وتواصلت معنا مندوبة المكتب فلاي اند مور. بس وصلنا مسج عالواتس اب انو الطيارة صارت 4 بس ماوصل مسج من السيستيم عندك,flight_info_inquiry
667,مرحبا رحلة العودة صارت الساعة 2.55؟,flight_info_inquiry
668,بالنسبة للرحلة لسا قائمة ؟,flight_info_inquiry
669,الطيارة لأربيل امتى طلعت اليوم عاساس 9.45 من دمشق لاربيل,flight_info_inquiry
670,مرحبا لو سمحت اقلعت رحلة دمشق الكويت ؟,flight_info_inquiry
671,"ما هو التوقيت، اي ساعة الطيران",flight_info_inquiry
672,بدي اتاكد من حجز طيران رقم الحجز12302215,flight_info_inquiry
673,عملت رزرڤيشن بتاريخ ١٤ الشهر ما وصلني. ايميل ولا عم يطلعلي شي عالوب سايت حابعتلك رقم الpnr 12416683,flight_info_inquiry
674,رحلة اليوم من دمشق الى اربيل متى تهبط باربيل,flight_info_inquiry
675,بخصوص رحلة غدا الى الكويت الساعة العشرة والثلث مؤكدة,flight_info_inquiry
677,ممكن استفسار انا حجزي يوم الخميس 1/12 وقت المغادرة كم من اربيل,flight_info_inquiry
678,كيف يمكنني معرفة تفاصيل الرحلة المحجوزة على الموقع,flight_info_inquiry
679,هل وصلت طيارة موسكو الى. مطار دمشق الدولي اليوم,flight_info_inquiry
680,لو سمحت رحله بكرى من مطار حلب الى الشارقه طرق عليها اي تغير,flight_info_inquiry
681,طيارة بكرا عالشارقة تأجلت شي,flight_info_inquiry
682,كانت الرحلة يوم الاثنين وتم تاجيلها هل اصبحت يوم الاربعاء,flight_info_inquiry
683,مساء الخير. هلئ نحن حجزنا يوم الاربعاء 22.2.2023 بس خبرونا مبارح انو لغيتو الرحلة . يعني الموضوع تعديل او الغاء الحجز من بيروت الي حلب . اذا في برنامج جديد ياريت توضحولنا الموضوع بعد اذنكم وشكرآ لكم .,flight_info_inquiry
684,لو سمحت بدي اتاكد من وضع الرحلة 6q743 هل حتكون في الموعد,flight_info_inquiry
685,في رحلة على طيران اجنحة الشام من الشارقة الى دمشق بتاريخ ١٩ من شهر كانون الثاني الحالي لعام ٢٠٢٣ ساعة الانطلاق ١٦.٣٠ من مطار الشارقة هل طرأ اي تغيير,flight_info_inquiry
686,ممكن استفسر عن رحلة اليوم من دمشق للكويت موعدها الساعه 9:30,flight_info_inquiry
687,السلام عليكم هل فعلا رحلة رقم 12403532 من دمشق الى  الكويت تأجلت للساعة ١٢ اقلاعها؟,flight_info_inquiry
688,موعد رحله من دمشق إلى اربيل,flight_info_inquiry
691,ممكن اعرف موعد رحلة يوم الاربعاء لبنغازي,flight_info_inquiry
1048,رحلة  الشارقه دمشق طلعت؟,flight_info_inquiry
1049,متى سيتم الاقلاع؟,flight_info_inquiry
1050,هل رحلة سفر من اربيل الى دمشق قائمة .بتاريخ 6شهر يوم لاثنين رقم الرحلة 6q522 او تم تغير موعد الرحلة احتاج ان اعلم,flight_info_inquiry
1052,متى وقت أقلاع الطيارة,flight_info_inquiry
1053,"هل رحلة 6/2 يوم لاثنين  رقم رحلة 6q522 قائمة حتى لان ام تم تغير موعد   اريد ان اعلم، رحلة من اربيل الى دمشق",flight_info_inquiry
1054,لقد قيلي يوجد اتحمال تغير موعد الرحلة احتاج  ان يخبرني احد بل معلومات في حال حدوث تغير,flight_info_inquiry
1055,عائلتي مسافرة من شام الى اربيل بكرة صبح ساعة سبعة هل يوجد اي تغير في موعد بسبب حالة طقس؟,flight_info_inquiry
1056,صحيح وقف الطيران من سوريا الي الكويت طيراتي يوم الخميس,flight_info_inquiry
1057,في تعديل على الوقت من سوريا الي الكويت؟,flight_info_inquiry
1058,هل رحلت غدا ما زالت قائمة ؟,flight_info_inquiry
1059,لو سمحت رحله الي من الكويت امتى صارت لانه تاجلت,flight_info_inquiry
1060,في عندي رحلة الى الشارقة تاريخ بعد غد في تغيير بالمواعيد؟,flight_info_inquiry
1061,في شي تغير برحلة يوم الاربعاء لموسكو,flight_info_inquiry
1062,هل اي يوجد اي تعديل على رحلة اللاذقية الشارقة يوم عدة,flight_info_inquiry
1063,طيارة تجنحة الشام الى الشارقة الساعة ١١ الا ربع هل أجلت ؟؟,flight_info_inquiry
1064,لايوجد تأجيل لهذه الرحلة؟,flight_info_inquiry
1067,هذه الرحلة تاجلت ممكن اعرف وقت المغادة الجديد,flight_info_inquiry
1068,انا قطعت تذكرتين من دمشق الى قامشلي تغير موعد الرحلة ؟,flight_info_inquiry
1069,لو سمحت انا حجزت رحلة ب مايو ٤ عم يبعتولي انو تغير الوقت,flight_info_inquiry
1071,اخوي  متا موعيد طيران اجنحه الشام  من الكويت لدمشق,flight_info_inquiry
1072,السلام عليكم أخي الكريم بالنسبة للرحلة من مطار دمشق الى مسقط أقلعت من دمشق او لم تقلع,flight_info_inquiry
1073,اريد السوال عن رحلة في اي تغير في موعد الرحلة,flight_info_inquiry
1074,ممكن اعرف طيارة اليوم تبع ساعة سبعة وصلت عل اربيل ولا بعد,flight_info_inquiry
1075,ممكن استفسر عن رحلة دمشق اربيل اذا انطلقت من المطار,flight_info_inquiry
1076,انا عندي حجز على رحلة الشارقة حلب يوم 18 شباط في مجال اتأكد من الحجز؟,flight_info_inquiry
1297,رحلة طهران دمشق امتا بتوصل لو سمحت,flight_info_inquiry
1300,ما هو بلد الانطلاق و الوصول للرحلة ؟,flight_info_inquiry
1313,بنتأكد من حجز من دمشق لبيروت  بأسم ماروع محمد النصار وماريا غسان النصار وميرا غسان النصر,flight_info_inquiry
1316,مرحبا في شي تاخير بطيارة بكرا عشارقة الساعة ١٠ الصبح,flight_info_inquiry
1366,هل غادرت طائرتكم المتجهة من دمشق الى مسقط مساء اليوم؟,flight_info_inquiry
1367,"اسف .. انتقطع الاتصال، كنت اتساءل عن وضعية رحلة دمشق_مسقط مساء اليوم",flight_info_inquiry
1370,مرحبا بدي اتاكد اذا وصلت الرحله لمسقط اللي انطلقت على الساعه٨ مساء اليوم,flight_info_inquiry
1371,مسالخير بدي اتاكد اذا وصلت الرحله لمسقط الساعه ٨ مساء امس,flight_info_inquiry
1380,ممكن سؤال عن رحلة يوم السبت تاريخ ٢/٢٥ من دمشق الى الكويت,flight_info_inquiry
1388,كيف اتأكد إذا تم حجز موعد الرحله,flight_info_inquiry
1411,بعد أذنك بدي أعرف اذا الحجز تأجل لبعظ يومين,flight_info_inquiry
1437,بدي اسال اذا رحلتكم اليوم ل اربيل الساعة ٥ الصبح او المسا؟,flight_info_inquiry
1464,اي ساعة بتكون الرحل لمسقط يوم الخميس؟,flight_info_inquiry
1500,طيب ممكن ممعلومات الرحلات دي 6Q561,flight_info_inquiry
1556,رخلة مسقط دمشق اليوم اي ساعة ازا بتريدو,flight_info_inquiry
1559,لو سمحتم عندي حجز من مسقط إلى دمشق هل يوجد اي تعديل عل التوقيع لو تكرمتم,flight_info_inquiry
1575,عندي استفسار بخصوص رحلتي  PNR : AMRJ68,flight_info_inquiry
1616,في رحلة من الشارقة الى الشام بتاريخ  ٣١ الشهر الجاري  متى تصل الطائرة الى مطار دمشق حسب توفيت دمشق؟؟,flight_info_inquiry
1643,ممكن اتاكد من هذا الحجز اذا مؤكد او لا,flight_info_inquiry
1680,موعد رحلة اليوم من الشارقه الى دمشق هوه ٦:٣٠ فجرا ؟,flight_info_inquiry
1700,لو سمحت ماذا عن رحلة بيروت حلب  صباح الغد هل سيتم تحويلها إلى مطار دمشق أم سيتم إلغاء الرحلة,flight_info_inquiry
1701,عندي حجز بتاريخ 8/3 من حلب الى الشارقة  بعد خروج المطار عن الخدمة  ما مصير الرحلة,flight_info_inquiry
1708,ماذا بشأن رحلة الغد الارباعاء الموافق 8 مارس 2023  المتجه من مطار حلب الى مطار الشارقة,flight_info_inquiry
1709,هلى في تعديل بشان رحلة الغد بعد خروج مطار حلب  من الخدمة بسبب قصف امس,flight_info_inquiry
1711,هل يوجد اي تغيرات على موعد الطيران  ب 8 اذار الى الشارقة؟,flight_info_inquiry
1714,طائرة من موسكو إلى دمشق اليوم في أية ساعة صباحا,flight_info_inquiry
1721,عندي حجز حلب الشارقة يوم ١٥ اذار  في تغير على الرحلات ؟,flight_info_inquiry
1728,رحلة بغداد دمشق ليوم الخميس ٩ اذار التاسعة صباحا مازالت؟  اقصد لاتغيير في التوقيت؟,flight_info_inquiry
1734,سلام عليكم. انا عندي حجز من مطار الشارقة الي دمشق    الاقلاع الساعة 4 مساء من مطار الشارقة.  تم تغير الموعد. لساعة 6,flight_info_inquiry
1760,كنت حابب اسال بخصوص رحلتي من بيروت الي حلب يوم ١٥ ملرس,flight_info_inquiry
1773,لو سمحت بدي اتأكد من موعد رحلة الشارقة حلب اليوم هل في تاخير؟,flight_info_inquiry
1774,من فضلكم في طيارة لاربيل علساعة ٣ ولا تاحليت؟,flight_info_inquiry
1775,اريد الاستعلام عن الرحلة القادمة من مطار الشارقة الى دمشق,flight_info_inquiry
1789,ممكن اعرف الرحلة 6q724 متى بتوصل من مطار الشارقة,flight_info_inquiry
1791,بس العفو سؤال بالنسبة لرحلة دمشق اربيل كان المفترض اقلاع 7 ونص المسا .. في تأجيل ؟,flight_info_inquiry
1799,سؤال رحلة اليوم دمشق اربيل تأجلت لل3:30 الفجر,flight_info_inquiry
1800,هل تم تأجل رحلة دمشق اربيل اليوم ؟ اريد التأكد ؟,flight_info_inquiry
1801,رحلة دمشق اربيل اليوم ؟ لقد تم تأجيلها هل هذا صحيح ؟ اريد التأكد فقط,flight_info_inquiry
1808,طيارة اليوم الشارقة دمشق ايمت بتوصل لمطار الشام,flight_info_inquiry
1809,عم بسأل ولادي طلعو من مطار الشارقة الى مطار الشام و لغاية الان لم يصلو,flight_info_inquiry
1810,الاقلاع من المفترض السابعة مساء بتوقيت الشارقة من المفترض تصل من اكثر من ساعتين يعني وصلت ةلطيارة الساعة 22.21,flight_info_inquiry
1850,اريد ان اعرف الموعد,flight_info_inquiry
1899,"السلام عليكم ، متى تصل رحلتكم اليوم من دمشق ؟",flight_info_inquiry
1922,اريد اتاكد من حجز,flight_info_inquiry
1954,لو سمحت عندي رحلة من الشارقة الى دمشق ب 20-03 وبدي اتاكد من الموعد اذا انلغى,flight_info_inquiry
1969,انا بكرا سفري الى سلطنة عمان هل تأجلت الطائرة,flight_info_inquiry
2002,في ايي حجز باسم ريكاردو صليبي ع حلب 1-4,flight_info_inquiry
2007,بس حابب اعرف ايمت انطلقت الطيارة من اربيل اليوم,flight_info_inquiry
2008,الوقت الممتوقع للهبوط ع الساعة الثالثة ?,flight_info_inquiry
2012,انا رحلتي الخميس المسا الساعة ٧ ايمت لازم كون بالمطار ؟,flight_info_inquiry
2023,هل في تغيير على توقيت ؤحلة مسقط دمشق اليوم؟,flight_info_inquiry
2033,من بعد اذنك بدي اتاكد فيني أعرف اذا في تعديل ع الرحلة,flight_info_inquiry
2047,كيف اتحقق من الحجز,flight_info_inquiry
2050,رحلة الشارقة تأجلت؟ وصلتني رسالة انه تأجلت رحلة,flight_info_inquiry
2052,اريد استفسار عن حجز.. يوم 21.3. و العودة تاريخ 20.4 من الشارقة الى دمشق,flight_info_inquiry
2070,بس بدي اسال قرايبنا رح يجي من الشارقة اليوم بس ممكن موعد موعد الاقلاع والهبوط ايمت بالضبط مشان نروح عالمطار,flight_info_inquiry
2107,اذا ممكن اتأكد من رحلة اليوم من القامشلي لدمشق,flight_info_inquiry
2108,هل يوجد تغيير في موعد رحلة,flight_info_inquiry
2129,بدي استفسر عن حجزي اذا مأكد اعطيكي رقم الحجز لو سمحتي,flight_info_inquiry
2136,لو سمحت انا حجزت تذكرة وايد التأكد اذا هي صالحة,flight_info_inquiry
2139,بس عندي استفسار عن الرحلة اللي توجهت اليوم من مطار دمشق ل مطار الشارقه اي ساعه منكن توصل الشارقه,flight_info_inquiry
2141,بدي اتاكد من الحجز تبعي,flight_info_inquiry
2156,اريد التاكد من حجز رقم الحجز WU0WUP,flight_info_inquiry
2160,انا حجزت على مسقط يوم الخميس من مكتب حمص فندق السفير هل لا زال الحجز موجود,flight_info_inquiry
2181,مرحبا شو اخبار رحلة حلب الشارقة,flight_info_inquiry
2183,لو تكرمتو رحلة حلب الى الشارقة شو وضعها,flight_info_inquiry
2184,هل يوجد تغير على رحلة يوم غد من دمشق الى نجف,flight_info_inquiry
2223,هل يوجد تغيير على رحلة دمشق نجف اليوم,flight_info_inquiry
2229,أريد ان أستفسار عن رحلة أمس هل وصلت أم لا لأنني أفتقد مسافر,flight_info_inquiry
2232,اريد التاكد من موعد الطياره اليوم من الشارقة,flight_info_inquiry
2276,الرحلة من بيروت لحلب في 29 اذار هلق هي في موعدها المحدد؟,flight_info_inquiry
2278,ممكن استفسر عن حجز ؟,flight_info_inquiry
2301,كيف بدي اعرف اذا عندي حجز عندكن تم لا,flight_info_inquiry
2302,وبدي اعرف ايمت الطيارة بأي ساعة اذا ممكن,flight_info_inquiry
2314,لدي تذكرة سفر من مطار الشارقة إلى مطار دمشق بتاريخ 27/3/2023  موعد الإقلاع 16:00  هل هو بتوقيت سوريا أم توقيت الإمارات,flight_info_inquiry
2315,"اجاني ايميل من شوي بإلغاء الرحلة ،ممكن اعرف السبب",flight_info_inquiry
241,بدي اسالك لو سمحت في رحلة من دمشق الى الدمام بتاريخ 18/2,flight_schedules_inquiry
1558,ممكن تاكدولي اذا في رحلة ب ٢٨ اذار,flight_schedules_inquiry
143,و اي يوم مواعيد الرحلات؟,flight_schedules_inquiry
182,ممكن اعرف اذا في غير يوم الثلاثاء القادم رحلة من الشارقة الى اللاذقيه,flight_schedules_inquiry
763,متى راح تبدى رحلات البحرين,flight_schedules_inquiry
1524,كان بدي اسال تذكر لا ارمنيا,flight_schedules_inquiry
135,عندي سوال عن رحلات من ستهوكولم الى الشام,flight_schedules_inquiry
138,هل يوجد رحلات من اسطنبول الى دمشق؟,flight_schedules_inquiry
139,هل يوجد رحلات من مطار دمشق الى مطار دبي,flight_schedules_inquiry
142,السلام عليكم متوفر رحلة دمشق إلى حلب كل يمت ذهب و عودة,flight_schedules_inquiry
145,مواعيد رحلات من لبنان ل دمشق,flight_schedules_inquiry
146,تمام ايمت متوفر رحلة,flight_schedules_inquiry
147,في رحلة بكرا من دمشق الى القامشلي,flight_schedules_inquiry
150,ممكن اعرف مواعيد الرحلات من الامارات الى سوريا,flight_schedules_inquiry
151,هل يوجد من الدمام الى دمش,flight_schedules_inquiry
153,اسأل عن الرحلات من دمشق إلى طهران,flight_schedules_inquiry
154,في رحلة من جدة لبنان قامشلي,flight_schedules_inquiry
155,بعد اذنك في طيران من مطار حلب الى دبي,flight_schedules_inquiry
156,السلام علكم في رحلة دمشق الى الرياض,flight_schedules_inquiry
158,هل توجد رحلات الى البحرين عبر طيرانكم,flight_schedules_inquiry
159,السلام عليكم متوفر جدة إلى دمشق طريق الكويت كل يمت ذهب و عودة,flight_schedules_inquiry
160,السلام عليكم متوفر رحلة دمشق إلى البحرين كل يمت ذهب و عودة,flight_schedules_inquiry
161,هل يوجد حجز من موسكو الى الشام او الى حلب,flight_schedules_inquiry
162,اريد اعرف ايمتى في رحلات الى دمشق,flight_schedules_inquiry
163,السلام عليكم ... في رحلات على ليبيا طرابلس أو بس بنيغازي,flight_schedules_inquiry
165,هل متوفر رحلة من مطار حلب الى بيروت,flight_schedules_inquiry
171,هل يوجد من بيروت,flight_schedules_inquiry
173,الإستعلام عن الرحلة من الشارقة إلى سوريا _ حلب ذهاب وإياب,flight_schedules_inquiry
174,السلام عليكم متوفر بيروت إلى حلب كل يمت شهر 2,flight_schedules_inquiry
176,السلام عليكم متوفر دمشق إلى فرانكفورت كل يمت ذهب و عودة,flight_schedules_inquiry
178,طيران من بيروت ل حلب في,flight_schedules_inquiry
179,لو سمحتو الشهر الجاي ايمت في حجز الى دبي,flight_schedules_inquiry
180,ايمت في لابو ظبي ؟,flight_schedules_inquiry
183,اوقات ومواعيد الرحلات  دمشق والى دبي وبالعكس,flight_schedules_inquiry
184,ماهي مواعيد الرحلات من دمشق الى ابو ظبي,flight_schedules_inquiry
185,ممكن سؤال الطيران بين حلب وبيروت شغال واي ايام,flight_schedules_inquiry
187,السلام عليكم متوفر رحلة دمشق إلى فرانكفورت كل يمت ذهب و عودة,flight_schedules_inquiry
188,السلام عليكم متوفر رحلة دمشق إلى بغداد كل يمت ذهب و عودة,flight_schedules_inquiry
189,هل يوجد رحلات من يريفان الى  دمشق في شهر شباط؟,flight_schedules_inquiry
190,ما أقرب رحلة من يريفان الى سوريا  في هذه الفترة,flight_schedules_inquiry
192,في رحلة مباشرة من حلب الى بيروت,flight_schedules_inquiry
193,دمشق بصرة ايا يوم متوفر,flight_schedules_inquiry
194,السلام عليكم متوفر الرياض الى دمشق طريق الكويت كل يمت ذهب و عودة,flight_schedules_inquiry
195,متوفر رحلة المدينة المنورة إلى دمشق طريق الكويت,flight_schedules_inquiry
196,هل يوجد طيران من دمشق الى دبي,flight_schedules_inquiry
197,ممكن اعرف موعد الرحلات دمشق بيروت والعكس .. ايام الرحلات و المواعيد,flight_schedules_inquiry
201,اقرب رحلة إلى ليبيا ؟؟,flight_schedules_inquiry
202,رحلات الى السعودية,flight_schedules_inquiry
203,ممكن مواعيد الرحلات المتاحة من الدمام لدمشق ذهاب وعودة,flight_schedules_inquiry
204,من دمشق مافي للشارقة ؟,flight_schedules_inquiry
205,السلام عليكم متوفر جدة إلى دمشق طريق الكويت كل يمت ذهب و عودة,flight_schedules_inquiry
207,هل يوجد رحلات من دمشق الى دبي,flight_schedules_inquiry
208,"مرحبا، رحلات من دمشق الى الشارقة متى؟",flight_schedules_inquiry
212,هل يوجد ليدكم رحلات من مطار بيروت الى مطار حلب في شهر 07.2023,flight_schedules_inquiry
213,السلام عليكم متوفر الدمام إلى دمشق طريق الكويت كل يمت ذهب و عودة,flight_schedules_inquiry
214,هل يوجد رحلات مباشرة من بيروت الى دمشف خلال شهر أيار,flight_schedules_inquiry
215,لو سمحت في طيران لايران وكل ايمت ازا بتريد,flight_schedules_inquiry
216,في رحلات جوية من دمشق إلى حلب,flight_schedules_inquiry
217,هل يوجد رحلات من دمشق الى الرياض ؟؟؟..وشكرا,flight_schedules_inquiry
218,طيب من الكويت الى دمشق بشالشهر 8,flight_schedules_inquiry
221,حلب مسقط متوفرة؟,flight_schedules_inquiry
222,في رحلة إلى اربيل 2023\2\7,flight_schedules_inquiry
223,السلام عليكم متوفر رحلة دمشق إلى بيروت كل يمت ذهب و عودة,flight_schedules_inquiry
224,حلب إلى بيروت كل يمت ذهب و عودة,flight_schedules_inquiry
227,اريد الذهاب من بنغازي إلى اربيل,flight_schedules_inquiry
228,مرحبا هل يوجد رحلات من مطار باسل الاسد الة ةالى مصر,flight_schedules_inquiry
229,لو سمحت في  طيران من السعودية ل دمشق و بلعكس,flight_schedules_inquiry
230,السلام علكم في رحلة حلب الى الشارقة مباشر كل يمت,flight_schedules_inquiry
232,هل يوجد سفر من بيروت إلى القامشلي ؟,flight_schedules_inquiry
233,هل لديكم رحلات من مطار النجف الئ مطار دمشق الدولي,flight_schedules_inquiry
237,ماهو جدول مواعيد الرحلات من موسكو الى دمشق,flight_schedules_inquiry
238,هل يوجد طيران مباشر بحرين دمشق,flight_schedules_inquiry
239,في رحلات ب 1 الشهر او 2  على الكويت,flight_schedules_inquiry
240,"أود معرفة ايام طيران أجنحة الشام إلى البحرين ، ذهابا و ايابا .",flight_schedules_inquiry
242,ممكن جدول دمشق الرياض,flight_schedules_inquiry
243,لو سمحت عم دور عرحلة من دبي لسوريا بتاريخ ٢٦ شباط,flight_schedules_inquiry
246,مرحبًا هل لكم محطات في اوربا,flight_schedules_inquiry
247,ما هي مواعيد الرحلات من بيروت الى دمشق في شهر شباط و آذار.,flight_schedules_inquiry
249,هل يوجد طيران إلى أربيل,flight_schedules_inquiry
250,هل يوجد طيران إلى اربيل 2023\2\12,flight_schedules_inquiry
251,السلام عليكم متوفر رحلة دمشق إلى الرياض طريق الكويت كل يمت ذهب و عودة,flight_schedules_inquiry
252,رحلة من دمشق إلى جدة طريق الكويت كل يمت ذهب و عودة,flight_schedules_inquiry
253,السلام عليكم متوفر رحلة دمشق إلى بيروت على اجنحة الشام للطيران,flight_schedules_inquiry
254,هل يوجد رحلات الى الدوحة؟,flight_schedules_inquiry
255,هل هناك طيران من الرياض الى دمشق حاليا مباشره؟,flight_schedules_inquiry
256,اخي ايمتى اقرب رحلة من مطار دمشق إلى القامشلي,flight_schedules_inquiry
257,مواعيد الرحلات خلال هذا الشهر,flight_schedules_inquiry
258,هل يوجد طيران من حلب الى بيروت,flight_schedules_inquiry
259,في رحلات من الكويت الى حلب,flight_schedules_inquiry
261,لو سمحت بدي اعرف موعد رحلات دمشق ابوظبي,flight_schedules_inquiry
262,هل يوجد رحلات من الدمام الى دمشق او الللاذقية,flight_schedules_inquiry
263,مواعيد رحلات الطيران من مطار حلب الى يريفان في شهر نيسان,flight_schedules_inquiry
264,ممكن اعرف اقرب رحله بعد تاريخ ١٥/٢,flight_schedules_inquiry
265,هل من رحلات من حلب إلى أرمينيا بسهر حزيران؟,flight_schedules_inquiry
266,هل يوجد رحلات حالية حلب أرمينيا,flight_schedules_inquiry
267,لو سمحتوا في رحلات من دمشق الى القاهرة؟,flight_schedules_inquiry
269,متوفر رحلات من القاهرة حلب مباشرة؟,flight_schedules_inquiry
270,رحلات غير مباشرة من اسطنبول اى دمشق,flight_schedules_inquiry
271,رحلات بيروت اي يوم والمواعيد,flight_schedules_inquiry
272,يوجد رحلات القاهرة ؟,flight_schedules_inquiry
273,تحياتي.لو سمحتو مواعيد الرحلات الى موسكو,flight_schedules_inquiry
275,السلام علكم في دمشق الى الرياض طريق الكويت كل يمت,flight_schedules_inquiry
276,السلام علكم دمشق الى جدة طريق الكويت,flight_schedules_inquiry
277,السلام علكم دمشق الى موسكو,flight_schedules_inquiry
278,السلام عليكم متوفر رحلة دمشق إلى الرياض طريق الكويت كل يمت ذهب و عودة شو طيران,flight_schedules_inquiry
279,طيب في ترانزيت شارقة دمشق بنغازي او شارقة مصر بنغازي,flight_schedules_inquiry
510,اريد اسئل عن رحله بغدا دمشق يوم السبت4/2 العوده يوم 6 فبراير,flight_schedules_inquiry
513,اخوي ابي استفسر اذا في رحلات يوم 30 الشهر الجاري من سوريا للكويت,flight_schedules_inquiry
517,ايمت آخر رحلة مجدولة من الرياض لدمشق؟,flight_schedules_inquiry
530,ابو بقدر اعرف اذا في رحلة من ابو ظبي ب٢٠/٤,flight_schedules_inquiry
692,اقرب رحلة من دمشق الى بنغازي,flight_schedules_inquiry
695,السلام عليكم. لو سمحتم. من القاهرة الى دمشق فيه ؟,flight_schedules_inquiry
697,"مرحبا يعطيكن العافيه، بدي اسأل ازا في رحل من دوسلدورف لدمشق",flight_schedules_inquiry
699,هل لديكم رحلة من بيروت الى جدة او المدينة المنورة,flight_schedules_inquiry
701,لوسمحت. بنغازي سوريا. موجوده؟. رحله من بنغازي لسوريا,flight_schedules_inquiry
704,ازا سمحت فيي اعرف مواعيد رحلات اربيل دمشق لشهر الاول,flight_schedules_inquiry
705,السلام عليكم متوفر رحلة دمشق إلى اسطنبول طريق بيروت كل يمت ذهب و عودة,flight_schedules_inquiry
706,ممكن اعرف متى اقرب رحله من دمشق الى القامشلي,flight_schedules_inquiry
707,من بيروت في شهر فبراير متى الرحلات المتوفره ؟ بيروت الى دمشق,flight_schedules_inquiry
710,مرحبا حلب بيروت ايمت في رحلات,flight_schedules_inquiry
711,هل يوجد رحلات من دمشق إلى كوالالمبور,flight_schedules_inquiry
714,هل يوجد رحلات من مطار دمشق الدولي,flight_schedules_inquiry
715,ما هي مواعيد الرحللات الاسبوعية الى الشارقة,flight_schedules_inquiry
716,السلام عليكم متوفر رحلة دمشق إلى أرمينيا كل يمت ذهب و عودة,flight_schedules_inquiry
717,السلام عليكم متوفر رحلة دمشق إلى باكستاني مباشر كل يمت ذهب و عودة,flight_schedules_inquiry
718,متوفر رحلة دمشق إلى بنغازي كل يمت ذهب و عودة,flight_schedules_inquiry
719,لو سمحت بدي استفسر اذا في رحلات من البحرين لدمشق والعكس,flight_schedules_inquiry
721,ماهو جدول الرحلات من الخرطوم الى دمشق في شهر مارس,flight_schedules_inquiry
722,السلام عليكم متوفر متوفر حلب إلى الشارقة كل يمت ذهب و عودة,flight_schedules_inquiry
725,السلام عليكم متوفر رحلة جدة إلى دمشق طريق الكويت كل يمت ذهب و عودة,flight_schedules_inquiry
726,السلام عليكم متوفر رحلة دمشق إلى الرياض طريق الكويت كل يمت,flight_schedules_inquiry
727,هل يوجد لديكم رحل الى عمان,flight_schedules_inquiry
728,بعد اذنك ممكن اعرف اذا الطيران حلب بيروت شغال,flight_schedules_inquiry
730,في رحلات من سوريا للسعودية ؟,flight_schedules_inquiry
734,في رحلات من مطار دمشق الى ماليزيا ؟,flight_schedules_inquiry
736,هل هناك رحلة من بيروت الى سوريا غدا,flight_schedules_inquiry
740,في حجز طيران من السعودية لسوريا,flight_schedules_inquiry
741,في طيران على الجزائر من دمشق,flight_schedules_inquiry
742,جدول الرحلات بين بيروت ودمشق,flight_schedules_inquiry
744,السلام عبكم في رحلة دمشق الى الرياض كل يمت,flight_schedules_inquiry
745,السلام علكم في دمشق الى روسيا كل يمت,flight_schedules_inquiry
746,مرحبا ممكن اعرف ايام الرحلات لشهر شباط من حلب لابو ظبي,flight_schedules_inquiry
748,رحلات الكويت حلب  متاحة,flight_schedules_inquiry
749,السلام عليكم متوفر رحلة دمشق إلى الخرطوم مباشر غير مباشر,flight_schedules_inquiry
750,مساء الخير في رحلات من حلب لارمينيا,flight_schedules_inquiry
751,هل يوجد رحلات الى ماليزيا ذهاب فقط,flight_schedules_inquiry
752,نود الاستفسار هل عندكم رحلات ذهاب وعودة من الخرطوم الى دمشق,flight_schedules_inquiry
753,بس ايام الرحلات من بيروت لدمشق,flight_schedules_inquiry
754,السلام عليكم متوفر إلى المدينة المنورة طريق الكويت كل يمت ذهب و عودة,flight_schedules_inquiry
755,ممكن اعرف ايمت اقرب رحلة عحلب؟,flight_schedules_inquiry
757,لو سمحتو بدي اعرف ايمت في اقرب حجز من دمشق الي مسقط,flight_schedules_inquiry
758,اقرب رحله من اربيل إلى حلب,flight_schedules_inquiry
759,في عندكن رحلات من دمشق الى بنغازي خلال الشهر الاول؟,flight_schedules_inquiry
761,شو وضع الطيران من اربيل إلى حلب,flight_schedules_inquiry
764,السلام عليكم متوفر رحلة دمشق إلى البحرين طريق طريق مسقط كل يمت ذهب و عودة,flight_schedules_inquiry
765,البحرين إلى دمشق متوفر,flight_schedules_inquiry
766,رحلة ابوظبي متوفر اي يوم,flight_schedules_inquiry
769,لو تكرمتكم متى أقرب حجز من الرياض إلى دمشق؟,flight_schedules_inquiry
770,اوقات السفر لحلب  اريد ان اعرف مواعيد السفر من بيروت لحلب,flight_schedules_inquiry
771,"اوقات الرحلات الرحلات, من بيروت لحلب, حلب لبيروت",flight_schedules_inquiry
772,مواعيد رحلات حلب بيروت خلال شهر يناير ٢٠٢٣؟,flight_schedules_inquiry
774,في رحلة من دمشق الي جدة وشكرا,flight_schedules_inquiry
776,إذا ممكن اعرف اذا في رحلات من حلب لبيروت بداية من يوم ٢٠,flight_schedules_inquiry
785,اريد الاستفسار عن جدول الرحلات من مطار بيروت الى مطار دمشق الدولي لشهر ايار,flight_schedules_inquiry
786,هل يوجد رحلات لمطار دبي ؟ او حصرا للشارقة بالنسبة للإمارات,flight_schedules_inquiry
788,هل يوجد رحلات مباشرة من المانيا الى دمشق ؟,flight_schedules_inquiry
789,جدول الرحلات من بيروت الى دمشق في شهر مارس,flight_schedules_inquiry
790,كم عدد الرحلات الاسبوعية الى مسقط,flight_schedules_inquiry
791,هل يوجد رحلات من الدمام الى دمشق ذهاب اياب,flight_schedules_inquiry
792,هل متوفر ذهاب اياب من المنامة,flight_schedules_inquiry
793,مرحبا ل اربيل متاح,flight_schedules_inquiry
794,متى مواعيد الرحلات دمشق مسقط لشهر 5,flight_schedules_inquiry
796,السلام عليكم متوفر رحلة دمشق إلى جدة كل يمت ذهب و عودة,flight_schedules_inquiry
799,متوفر رحلة دمشق إلى جدة,flight_schedules_inquiry
1078,هل من الممكن أن استعلم عن موعد الرحلات الى بغداد ضمن الأسبوع,flight_schedules_inquiry
1081,كيف يمكننا معرفة تواريخ الرحلات المتوفرة في شهر ابريل من الامارات الى دمشق,flight_schedules_inquiry
1082,ايمتى في رحلات من دمشق ل قامشلي هاد الشعر,flight_schedules_inquiry
1083,"مرحبا،حابة اعرف اذا رح يكون في رحلات مباشرة من الشام ل اوربا وتحديدا لاستوكهرلم ولا",flight_schedules_inquiry
1084,اوكي في رحلات لبيروت وايا ايام ؟,flight_schedules_inquiry
1085,مافي رحلات من بيروت لحلب؟,flight_schedules_inquiry
1089,متى يوجد رحلة من مطار بنينا الى دمشق,flight_schedules_inquiry
1091,هل يوجد اي معلومات عن رحلات من الكويت إلى حلب في شهر ٣؟,flight_schedules_inquiry
1092,من دمشق إلى حلب هل يوجد اي معلومات عنها في شهر ٣,flight_schedules_inquiry
1093,ماهي مواعيد وأيام السفر إلى مسقط,flight_schedules_inquiry
1095,ماهي مواعيد الرحلات من مسقط الى دمشق خلال هذا الاسبوع والاسبوع القادم,flight_schedules_inquiry
1096,هل يوجد رحلات من دمشق الى الرياض,flight_schedules_inquiry
1100,في عندكم ع دبي؟,flight_schedules_inquiry
1101,في يوم الأربعاء شارقة؟,flight_schedules_inquiry
1102,مرحبا ممكن مواعيد الرحلات من دمشق الى بيروت,flight_schedules_inquiry
1104,بدي أسئل ازا في رحلات مباشرة بين الإمارات وحلب,flight_schedules_inquiry
1106,سؤال في اي شهر يوجد رحلات طيران من البنان الى دمشق,flight_schedules_inquiry
1108,هل يوجد طيران من دمشق لمصر,flight_schedules_inquiry
1109,السلام عليكم متوفر رحلة دمشق إلى أبو ظبي كل يمت ذهب و عودة,flight_schedules_inquiry
1110,السلام عليكم متوفر الرياض الى دمشق طريق الكويت كل يمت ذهب و عودة,flight_schedules_inquiry
1114,هل في رحالات من امارات مثل دبي او الشارقة هل هي في ايام محددة,flight_schedules_inquiry
1117,من بغداد على مطار اللاذقية في رحلات او متوقفة حاليا,flight_schedules_inquiry
1118,في رحله من حلب ل بيروت يوم الجمعه؟,flight_schedules_inquiry
1121,السلام عليكم متوفر رحلة دمشق إلى جدة طريق الكويت كل يمت ذهب و عودة,flight_schedules_inquiry
1122,شواقرب رحلة من اربيل لدمشق بتاريخ 23/3 والعودة بتاريخ 28/4,flight_schedules_inquiry
1123,هل يوجد رحلة لأجنحة الشام غدا الجمعة من البصرة إلى دمشق,flight_schedules_inquiry
1126,هل يوجد رحلات من مطار دمشق او مطار بيروت إلى بيلاروسيا ؟؟,flight_schedules_inquiry
1127,متى اقرب رحلة من دمشق الى ابو ظبي,flight_schedules_inquiry
1128,هل يبتوفر رحلات من دمشق او اللاذقية الى اربيل خلال الاسبوع القادم,flight_schedules_inquiry
1130,ممكن جدول الرحلات الى بغداد,flight_schedules_inquiry
1131,رحلات دمشق قامشلي متى,flight_schedules_inquiry
1133,هل توجد رحلات من مطار بيروت لدمشق,flight_schedules_inquiry
1134,في رحلات من الشام إلى برلين,flight_schedules_inquiry
1135,السلام عليكم متوفر رحلة دمشق إلى كراتشي كل يمت ذهب و عودة,flight_schedules_inquiry
1136,السلام عليكم متوفر رحلة دمشق إلى البحرين كل يمت ذهب و عودة,flight_schedules_inquiry
1137,هل يوجد رحلات من افريقيه الا القمشلي انا في الكمرون,flight_schedules_inquiry
1139,هل فيه رحلات الرياض الى دمشق الاسبوع القادم؟,flight_schedules_inquiry
1140,هل يوجد رحلات من حلب الى بغداد,flight_schedules_inquiry
1141,هل توجد رحلة من دمشق الى القامشلي الاسبوع القادم,flight_schedules_inquiry
1142,في عندكم طيران على القاهرة - مصر,flight_schedules_inquiry
1144,يوجد حجز من المانيا الى دمشق؟؟,flight_schedules_inquiry
1146,متوفر رحلات من القاهرة حلب مباشرة؟,flight_schedules_inquiry
1147,هل يوجد سفر من دمشق إلى الفلبين مباشرة,flight_schedules_inquiry
1148,ريد معرفة رحلات يوم الأحد,flight_schedules_inquiry
1210,هل يوجد رحلات مباشرة للرياض من دمشق,flight_schedules_inquiry
1294,ممكن معلومات اذا في رحلات الى أربيل  حاليا من الشام او حلب,flight_schedules_inquiry
1303,السلام علكم في دمشق الى حلب,flight_schedules_inquiry
1304,مرحبا اريد الاستفسار عن توفر رحلات من مطار حلب الى مطار يريفان ارمينيا,flight_schedules_inquiry
1306,بدي اسئلكون  في طيران لشهر اربعه من مطار دمشق الدولي إلى الكويت,flight_schedules_inquiry
1307,السلام علكم في دمشق الى الكويت مباشر,flight_schedules_inquiry
1314,لوسمحت اقرب رحلة لدمشق من اربيل,flight_schedules_inquiry
1320,"هل يوجد رحلات من القاهرة إلى دمشق، ماهي مواعيد هذه الرحلات",flight_schedules_inquiry
1322,متى في طيران ل ليبيا ؟,flight_schedules_inquiry
1332,لسلام علكم في دمشق الى ماليزي,flight_schedules_inquiry
1340,السلام عليكم متوفر بيروت إلى حلب كل يمت ذهب و عودة,flight_schedules_inquiry
1342,في رحلات من دمشق الى بيروت ؟,flight_schedules_inquiry
1347,في رحلات ب الضهر ال3من مطار بيروت الى موسكو ؟,flight_schedules_inquiry
1361,أريد أن أعرف مواعيد الرحلات من دمشق الى بيروت والعكس ؟,flight_schedules_inquiry
1369,اريد ان استفسر عن الرحلات من الشارقة الى دمشق,flight_schedules_inquiry
1373,هل هناك رحلات الى ماليزيا هذه السنة,flight_schedules_inquiry
1385,في طيران من حلب الى يريفان؟,flight_schedules_inquiry
1390,حبيت اعرف الرحلات من بيروت الى القامشلي؟,flight_schedules_inquiry
1392,دمشق الشارقة اقرب رحلة,flight_schedules_inquiry
1393,في حجز عالبحرين,flight_schedules_inquiry
1403,السلام علكم في دمشق الى طهران,flight_schedules_inquiry
1405,لسلام علكم في دمشق الى الدمام طريق الكويت,flight_schedules_inquiry
1412,طيب تمام هو يوم الأربعاء في طيران عالشارقة,flight_schedules_inquiry
1422,ممكن استفسر إذا في رحلات من دمشق إلى ماليزيا,flight_schedules_inquiry
1424,هل يوجد رحلات من اوروبا الى سوريا,flight_schedules_inquiry
1425,جدول الرحلات الأسبوع القادم دمشق الشارقة,flight_schedules_inquiry
1438,مواعيد الرحلات من دمشق إلى الشارقة في شهر 3,flight_schedules_inquiry
1449,موجود رحلات ع حلب,flight_schedules_inquiry
1456,هل متوفر رحلات إلى الباكستان؟  لم أجدها على الموقع,flight_schedules_inquiry
1472,بدي استفسر عن الرحل غير المباشرة عالرياض متوفرة الرحل ؟ لسا .. وفي مواعيد ثابتة ولا مرنة ؟,flight_schedules_inquiry
1473,كيف اعرف مواعيد الرحلات من دمشق إلى مسقط,flight_schedules_inquiry
1474,رحلات طيران من اللاذقية الى الشارقة خلال شهر نيسان,flight_schedules_inquiry
1485,هل يوجد طيران من ماليزيا الى سوريا,flight_schedules_inquiry
1489,بدي اسال اذا في عندكم طيران من حلب الى اربيل,flight_schedules_inquiry
1497,مرحبا هل يوجد رحلات من الشهر الخامس الى الشهر التاسع من الشارقة الى دمشق,flight_schedules_inquiry
1506,بكرا في طيارة من الشارقة دمشق,flight_schedules_inquiry
1510,السلام عليكم اي يوم لديكم رحلات من مطار البصره الى مطار دمشق في الاسبوع,flight_schedules_inquiry
1520,رحلة من دمشق او بيروت الى القاعرة   دمشق القاهرة منتصف رمضان,flight_schedules_inquiry
1522,هل يوجد رحل الى مصر ؟,flight_schedules_inquiry
1526,السلام عليكم ممكن جدول رحلات اربيل دمشق لشهر مارس,flight_schedules_inquiry
1534,متى يتوفر رحلة من مطار الكويت إلى مطار حلب خلال الشهر الرابع,flight_schedules_inquiry
1536,تمان بيروت حلب متوفر؟,flight_schedules_inquiry
1540,اريد الاستفسار عن وجود رحلة من سوريا ايريفان او من مطار حلب لمطار يريفان,flight_schedules_inquiry
1541,مرحبا ما عندكم رحلات من برلين,flight_schedules_inquiry
1547,مرحبا انا في السويد احب اسافر للقامشلي,flight_schedules_inquiry
1549,السلام علكم في دمشق الى الرياض طريق الكويت,flight_schedules_inquiry
1561,هل يوجد طيران من دمشق الى طهران,flight_schedules_inquiry
1562,هل يوجد طيران الى الكونجو افريقيا ؟,flight_schedules_inquiry
1564,متوفر رحلات مباشرة من القاهرة او بيروت لحلب؟,flight_schedules_inquiry
1578,أريد أن أعرف موعد الطيران من الكويت إلى سوريا في مايو,flight_schedules_inquiry
1581,متى موعد الرحلات من الشارقة إلى مطار اللاذقية,flight_schedules_inquiry
1583,السلام عليكم يعطيكم العافية ممكن اوقات الرحلات بيروت حلب او بيروت دمشق,flight_schedules_inquiry
1593,يوجد سفر الى مصر,flight_schedules_inquiry
1596,ممكن لو سمحت تشارك مواعيد الرحلات الى القامشلي من بيروت او من دمشق,flight_schedules_inquiry
1599,ممكن الجدول بين بيروت و دمشق كمان؟,flight_schedules_inquiry
1610,ممكن مواعيد رحلات الكويت,flight_schedules_inquiry
1623,اريد ان اعرف هل هناك رحله طيران من دمشق الى الدوحه قطر,flight_schedules_inquiry
1636,السلام عليكم متوفر رحلة دمشق إلى جدة طريق الكويت كل يمت ذهب و عودة شو طيران,flight_schedules_inquiry
1637,مواعيد رحلات دمشق بنغازي,flight_schedules_inquiry
1640,رحلات  الكويت موجودة,flight_schedules_inquiry
1646,ممكن أعرف كم رحلى في بالأسبوع من الرياض إلى الشام,flight_schedules_inquiry
1649,مواعيد رحلات الامارات  الى حلب شهر 5/2023,flight_schedules_inquiry
1657,في عندكون رحلات من السويد للشام,flight_schedules_inquiry
1660,رح اسئلك شو مواعيد وحلب حلب يريفان,flight_schedules_inquiry
1667,السلام علكم في دمشق الى الرياض طريق الكويت,flight_schedules_inquiry
1672,"مرحباَ, اريد الاستفسار عن وجود طيران من دمشق الى جدة في اواخر شهر مارس حتى واوائل شهر ابريل ؟ وشكرا",flight_schedules_inquiry
1674,متى موعد اول طيارة من بنغازي الى سورية,flight_schedules_inquiry
1676,هل هناك رحلات الىيريفان ااشهر تلقادم,flight_schedules_inquiry
1681,هل يوجد حجز من السعودية الرياض الى دمشق,flight_schedules_inquiry
1689,اريد ان اعرف هل هناك رحلات من مطار حلب الى اربيل في الأيام المقبله ؟,flight_schedules_inquiry
1702,ممكن اعرف مواعيد الرحل من بيروت الى حلب,flight_schedules_inquiry
1716,ومن بيروت إلى دمشق هل يوجد أيضاً؟,flight_schedules_inquiry
1719,الرحلات من الشارقة او من بيروت الى حلب و بالعكس,flight_schedules_inquiry
1732,في رحلة الرياض دمشق,flight_schedules_inquiry
1741,عفواً هل يوجد موقع لجدول الرحلات مسقط دمشق وبالعكس في شهري يوليو وأغسطس؟,flight_schedules_inquiry
1755,موعد رحلات من دمشق الى روسيا لشهر اذار,flight_schedules_inquiry
1756,من اوربا الى دمشق صار في رحل,flight_schedules_inquiry
1757,من دمشق الى فرانكفورت باي يوك لو سمحت,flight_schedules_inquiry
1759,السلام علكم في دمشق الى الرياض طريق الكويت كل يمت,flight_schedules_inquiry
1776,رحلة من الشارقة الى اللاذقية بتاريخ ١٨/٤  هل بوحد,flight_schedules_inquiry
1778,مواعيد الرحلات من الكويت الي القامشلي,flight_schedules_inquiry
1782,من بيروت الي القامشلي  ايمتى في رحلات,flight_schedules_inquiry
1784,السلام عليكم هل يوجد رحة مباشر من الكويت الي القامشلي,flight_schedules_inquiry
1786,لو سمحت ممكن اعرف تاريخ الرحلات من 27\7 حتى١٢\ ٨ من اربيل لدمشق,flight_schedules_inquiry
1796,كيف اعرف ايام الرحلات ؟,flight_schedules_inquiry
1811,لو سمحت ممكن اعرف اذا في طيران دمشق تركيا؟ أو إلى أي بلد اوروبي؟,flight_schedules_inquiry
1816,في طيرات لأي بلد أوروبي؟,flight_schedules_inquiry
1822,هي يوجد رحلات من سوريا الى الرياض ؟,flight_schedules_inquiry
1888,مواعيد طيارات من الكويت الى دمشق خلال هالاسبوع؟,flight_schedules_inquiry
1900,هل هناك رحلات في شهر نيسان من بيروت إلى مطار الباسل في اللاذقية,flight_schedules_inquiry
1926,السلام عليكم متوفر رحلة دمشق إلى جدة طريق الكويت شو طيران,flight_schedules_inquiry
1929,حابب اعرف اذا في رحلة من الشارقة الى دمشق,flight_schedules_inquiry
1939,طيب ايمت في رحلات بشهر اربعة,flight_schedules_inquiry
1957,يعطيك العافيه ايمتى في رحلة من موسكو إلى دمشق,flight_schedules_inquiry
1976,ما هي الرحلات المتوفرة من كوالالمبور الى مطار دمشق الدولي؟,flight_schedules_inquiry
2006,الدمام إلى دمشق طريق الكويت كل يمت ذهب و عودة,flight_schedules_inquiry
2009,السلام عليكم متوفر رحلة دمشق إلى ليبيا مباشر كل يمت ذهب و عودة,flight_schedules_inquiry
2016,السلام علكم في رحلة دمشق الى الرياض طريق الكويت كل يمت,flight_schedules_inquiry
2018,هل هناك أي رحلات ذهاب واياب من مطار البصرة إلى مطار دمشق او حلب ؟,flight_schedules_inquiry
2022,السلام علكم في الشارقة الى حلب كل يمت ذهب و عودة,flight_schedules_inquiry
2035,كم عدد الرحلات الجوية من بيروت الى دمشق بالاسبوع,flight_schedules_inquiry
2036,هل يوجد رحلات يومية من بيروت الى دمشق؟,flight_schedules_inquiry
2051,من فضلكم اريد معرفة مواعيد الرحلات من مطار دمشق الدولي الى بنغازي وشكرا,flight_schedules_inquiry
2053,ممكن اعرف جددول رحلاتكم من الشارقه لدمشق والعوده ايضا,flight_schedules_inquiry
2074,عندكم رحلات من السعوديه لدمشق,flight_schedules_inquiry
2082,ما هو جدول رحلات هذا الاسبوع الى اربيل,flight_schedules_inquiry
2085,ممكن اعرف موعد اقرب رحلة الى مصر من مطار دمشق استطيع الحجز بها,flight_schedules_inquiry
2094,يعطيك العافيه بدي سافر بكوا ع الشارقه بعد الساعه 2 شو الخيارات المتاحه,flight_schedules_inquiry
2111,صباح الخير ايمت في رحلات ع دمشق من مطار البصرة الاسبوع القادم,flight_schedules_inquiry
2113,رحلات حلب من الكويت متى بتفتح ؟,flight_schedules_inquiry
2119,حابب استفسر عن رحلات من قامشلي إلى اربيل كم رحلة متوفرة بالاسبوع؟,flight_schedules_inquiry
2121,من مطار بيروت الي القامشلي هل يوجد رحلات,flight_schedules_inquiry
2134,مرحبا لو سمحتو بدي اسال شوفي رحلات بي ٦ او ٧ نيسان من دبي لشام والرجعة بي ٢٦ او ٢٧ الشهر,flight_schedules_inquiry
2148,هل لديكم رحلات من القاهرة الى دمشق؟,flight_schedules_inquiry
2149,لو سمحت ممكن اعرف اي يوم في رحلة من حلب الي الشارقة,flight_schedules_inquiry
2158,السلام عليكم من دمشق الى موسكو متوفر رحلات,flight_schedules_inquiry
2159,السلام عليكم متوفر حلب إلى الرياض طريق الكويت كل يمت ذهب و عودة,flight_schedules_inquiry
2167,موجود رحلات من ابو ظبي اللذقية,flight_schedules_inquiry
2168,بعد اذنك في رحلات من طهران الى دمشق,flight_schedules_inquiry
2208,مرحبا ايمت موعد اقرب رحلة من دمشق الي بغداد,flight_schedules_inquiry
2211,هل في رحلات من الكويت الى حلب,flight_schedules_inquiry
2228,في رحله من البصره لدمشق,flight_schedules_inquiry
2250,السلام علكم رحلة قطر إلى دمشق عن طريق الكويت كل يمت ذهب وعودة شو طيران,flight_schedules_inquiry
2258,رحلة من دمشق الى قطر كل يمت ذهب وعودة شو طيران,flight_schedules_inquiry
2267,هل يوجد سفر من سوريا الى موسكو ؟,flight_schedules_inquiry
2270,هلى هناك رحلة الى اربيل من مطار دمشق,flight_schedules_inquiry
2300,مرحبا .متى رحلة من دمشق الى يريفان,flight_schedules_inquiry
2303,بدي اسألك في على بغداد من مطار دمشق ؟,flight_schedules_inquiry
2311,السلام علكم في رحلة دمشق الى الرياض كل يمت,flight_schedules_inquiry
2312,رحلة من دمشق الى طهران,flight_schedules_inquiry
2317,اذا سمحت بس بدي اسال اذا في رحلات من القامشلي لمطار دمشق بين 20 و 23 نيسان,flight_schedules_inquiry
2319,اريد السفر من الرياض الى دمشق,flight_schedules_inquiry
2321,هل يوجد طيران البحرين من سوريا,flight_schedules_inquiry
351,لو سمحت بدي اسال شو قيمه التذكره من مطار حلب لمطار بيروت رحلة الأربعاء بعد بكره ١٨ يناير,ticket_price_inquiry
353,سعر تزكره‌ عوده‌ الی من  اربیل  الی دمشق,ticket_price_inquiry
374,كم سعر التذكرة من جدة إلى دمشق بتاريخ 3 مارس لشخص كبير وطفل عمرة سنتين,ticket_price_inquiry
403,كم السعر تو وي بهذا التاريخ,ticket_price_inquiry
406,كم سعر التو وي عودة حرة درجة سياحية,ticket_price_inquiry
407,كم سعر التكت ذهاب وإياب بالدرهم الاماراتي الدرجة السياحية تاريخ الحجز  في اول شهر 6 لشخص بالغ وطفل عمرو سنتين,ticket_price_inquiry
426,الرحلة الى القاهرة التكلفة,ticket_price_inquiry
861,سعر تذكرت طائرة لشخص لبالغ وطفل غير بالغ 10 شهر ذهاب فقط ممكن رد,ticket_price_inquiry
1193,مرحبا فيك ترسلنا قديش فيك تكت الطياره من الشام الى اربيل,ticket_price_inquiry
1220,بدي اعرف اديش طيران على الشام من الشارقة,ticket_price_inquiry
166,اسعار تكت الى اربيل,ticket_price_inquiry
348,اريد سعر البطاقة من دمشق إلى طهران,ticket_price_inquiry
349,قديش سعر البطاقة,ticket_price_inquiry
350,تمام شكرا . كم تكافة التذكرة السياحية,ticket_price_inquiry
352,بكم سعر تزكره‌ من  اربیل  ال دمشق ,ticket_price_inquiry
354,اسعار التذاكر؟,ticket_price_inquiry
355,و كم أسعار التذاكر؟,ticket_price_inquiry
356,وادي سعر التيكت لوسمحت,ticket_price_inquiry
357,الشارقة دمشق سعر التذكرة,ticket_price_inquiry
358,كم سعر التذكره ,ticket_price_inquiry
360,كم تكلفة تكت الطيران من اريبل لدمشق ذهاب وعودة,ticket_price_inquiry
361,كم تكلفة الطيران من اربيل الى دمشق ذهاب وعودة,ticket_price_inquiry
362,كم سعر تذكرة السفر الى بنغازي,ticket_price_inquiry
363,وكم سعر التذكرة اذا سمحتي,ticket_price_inquiry
364,شو سعر تذكرة السفر من دمشق للنجف,ticket_price_inquiry
365,كم سعر تذكرة ذهاب إياب من دمشق إلى دبي؟,ticket_price_inquiry
367,سعر تكت الطياره من مطار القاهر الى دمشق,ticket_price_inquiry
368,وشقد تقريبا اسعار روحة و رجعة,ticket_price_inquiry
371,اوك واديش سعر التيكت لو سمحتي,ticket_price_inquiry
372,كم سعر التذكرة؟,ticket_price_inquiry
373,متوسط الاسعار كم ذهاب واياب,ticket_price_inquiry
375,وكم سعر تذكرة الطيران من الشارقة الى حلب ذهاب فقط  مع الشكر,ticket_price_inquiry
376,يعطيك العافية تذكرة طيران ذهاب واياب من اربيل إلى دمشق كم تكلفتها,ticket_price_inquiry
377,ثمن  تزكرة  في هدا تاريخ لو سمحت 3/2/2023,ticket_price_inquiry
380,السلام عليكم كم سعر تذكرة الطيران من بغداد الى دمشق ذهاب واياب لفترة اسبوع,ticket_price_inquiry
381,ازا بدي اطلع من اربيل لمسقط بتاريخ ١٠ فبراير كم التكلفه,ticket_price_inquiry
382,طيب كم تكلفه رحله من مسقط الى دمشق بتاريخ ١٥ مارس,ticket_price_inquiry
384,طيب اذا بدى احجز من الشام اديش يكلف,ticket_price_inquiry
385,ثمن تذكرة ذهاب فقط من دمشق للشارقة؟!,ticket_price_inquiry
386,السلام عليكم ماسعر تيكت سياحي من دمشق الشارقه في تاريخ 31-2-2023,ticket_price_inquiry
387,و ما هي تكلفة البطاقة باتجاه واحد,ticket_price_inquiry
388,كم تكلفة الحجز,ticket_price_inquiry
390,سعر تذكره شام كويت اياب يوم جمعه ٢٠٠٣/١/٢٧,ticket_price_inquiry
391,ممكن اٍال بخصوص تذاكر الشام الرياض؟ كم سعر التذكرة ذهاب واياب؟,ticket_price_inquiry
392,كم سعر طيران من الشارقة الي دمشق,ticket_price_inquiry
393,بدي روح زيارة لبيروت شي اسبوع كم تكلفة تذكرة ذهاب فقط لبيروت,ticket_price_inquiry
394,السلام عليكم كم تكلفة السفر من دمشق الى الشارقة,ticket_price_inquiry
395,كم سعر التذكره,ticket_price_inquiry
396,قديش سعر التذكرة,ticket_price_inquiry
397,مسا الخير لوسمحت سعر تذكرة الطيران من جدة الى دمشق ,ticket_price_inquiry
398,ممكن سعر تذكرة السفر من جدة الى دمشق,ticket_price_inquiry
399,من فضلك كم سعر تذكرة الطيران من الاذقية الى الشارقة بتاريخ 7 شباط والعودة بعد اسبوع,ticket_price_inquiry
400,لطفا أود الاستفسار عن تكلفة الرحلة ذهاب وإياب من دمشق إلى أبو ظبي خلال الشهر القادم.,ticket_price_inquiry
401,لو سمحت بدي استفسر عن اسعار تكت الطيارة لاربيل,ticket_price_inquiry
402,قديش سعر التذكرة من اربيل للشام بموعد 15 من شهر 2,ticket_price_inquiry
404,شو سعر التذكرة لو سمحــت ذهاب و اياب,ticket_price_inquiry
405,كم تكلفة الرحله,ticket_price_inquiry
408,كم سعر التذاكر ذهاب وإياب مسقط -دمشق,ticket_price_inquiry
409,كم تكلفة السفر الى سلطنة عمان,ticket_price_inquiry
410,طيب ممتاز شو سعر الرحلة بتاريخ ٢٦ شباط من الشارقة الى دمشق,ticket_price_inquiry
411,كم تكلفة الرحلة من مطار دمشق الدولي إلى مطار بيروت في الدرجة العادية بتاريخ 13/شباط,ticket_price_inquiry
412,ممكن معرفة السعر,ticket_price_inquiry
413,لو سمحت سعر التكت لشخص بالغ وطفل عمره ٥ سنوات ورضيع بعمر السنه ونصف من بيروت الى دمشق بتاريخ ٢٠٢٣/٣/٨,ticket_price_inquiry
414,"كم تكلفة البطاقة وسطيا"" ذهاب و إياب",ticket_price_inquiry
415,و كم ثمن البطاقة ذهاب و إياب,ticket_price_inquiry
416,عفوا باديه سعر التذكرة عالامارات ارخص وحدة,ticket_price_inquiry
417,صباح الخير كم سعر التكت من قطر الى دمشق,ticket_price_inquiry
418,سلام عليكم سعر التكت لسورية من بغداد,ticket_price_inquiry
419,كم سعر التذكرة من مطار دمشق الى مطار اربيل بتاريخ 28/03/2023 الدرجة الاقتصادية ذهاب فقط ؟,ticket_price_inquiry
420,تذكر ع اربيل شقد بتكلف,ticket_price_inquiry
421,من سوريا دمشق إلى العراق اربيل شقد سعره,ticket_price_inquiry
422,لو سمحتوا.. رحلات للسعودية ... أديش تكلفة التذكرة ذهاب و عودة تقريبا .. ؟,ticket_price_inquiry
424,من دمشق الى اربيل بتاريخ 15 الشهر الحالي شو السعر التكت,ticket_price_inquiry
427,ماهو سعر البطاقة لمسقط لمدة شهر,ticket_price_inquiry
428,سعر تذكره العوده من مصر لحلب,ticket_price_inquiry
429,ممكن أعرف سعر تذكرة الطائرة من دمشق إلى مسقط بتاريخ 2/3/2023,ticket_price_inquiry
430,كم تكلفة الذهاب إلى دمشق من موسكو,ticket_price_inquiry
535,ممكن قائمة الاسعار وبرنامج الرحلات,ticket_price_inquiry
848,رحلة إلى بنغازي الكلفة,ticket_price_inquiry
849,اسعار  رحال دمشق اربيل,ticket_price_inquiry
852,قدي تكلفة السفر لاربيل ذهاب واياي تايخ ٦ الشهر القادم والعوده ٦ شباط,ticket_price_inquiry
855,طيب قديش التكت ع لبنان من حلب,ticket_price_inquiry
856,كم تكلفة الرحلة من دمشق الى بيروت - شخص بالغ و طفلين,ticket_price_inquiry
857,ماهو سعر التذكرة من دمشق الى اربيل ؟,ticket_price_inquiry
858,كم الكلفة بتكون من بعد اذنك الحجز لام وطفل عمر ٣ سنوات,ticket_price_inquiry
859,ممكن أعرف قيمة التذكرة ذهاب وعودة من دمشق إلى الشارقة بتاريخ 15 يناير كم بتكلف؟,ticket_price_inquiry
860,ما سعر تذكرة طيران من مطار دمشق الدولي إلى مطار أربيل,ticket_price_inquiry
862,كم سعر تذكرة من شام إلى اسطنبول,ticket_price_inquiry
863,وكام سعر التذكره,ticket_price_inquiry
864,سلام عليكم كم سعر تذكره سفر من دمشق إلى طهران ذهاب واياب,ticket_price_inquiry
866,شكراً لك وكم تكلفة التذكرة من مطار الشارقة الدولي إلى سوريا,ticket_price_inquiry
867,ممكن سعرتذكرة من اربيل ل دمشق ٢٠ لشهر,ticket_price_inquiry
869,اديش سعر تذكر بغداد دمشق,ticket_price_inquiry
870,ممكن تكلفة تذكرة ذهاب,ticket_price_inquiry
871,كم تذكرة الطيارن من دمشق الى الشارقة,ticket_price_inquiry
873,سعر رحلة اربيل ذهاب فقط,ticket_price_inquiry
874,كم تكلفة تكت الطيران من بيروت الى القامشلي,ticket_price_inquiry
875,لو سمحت بقدر اعرف اديش  التيكت من بيروت عالشام ذهاب واياب,ticket_price_inquiry
876,ما هو سعر التكت من اربيل الى سوريا ذهاب وايهاب,ticket_price_inquiry
877,سعر التذكرة دمشق بيروت دمشق لو سمحت,ticket_price_inquiry
878,كم تكلفة شخص واحد فقط,ticket_price_inquiry
879,سعو تكت ذهاب واياب من دمشق ادى موسكو الى موسكو,ticket_price_inquiry
880,بشكد بطاقة,ticket_price_inquiry
881,ممم طيب انا خارج البلد حابة اعرف بس معدل الاسعار.  لو مو دقيق في مجال  خلال الشهر الاول الاسعار,ticket_price_inquiry
882,كم سعر تذكر من دمشق الى اربيل,ticket_price_inquiry
883,اسعار رحاله اربيل من حلب الا اربيل كم اسعر تذكره اول شهر,ticket_price_inquiry
884,اسعار  رحال دمشق اربيل,ticket_price_inquiry
885,وكم سعر التذكرة,ticket_price_inquiry
886,كم سعر التذكرة,ticket_price_inquiry
887,كم التكاليف للشخص البالغ ؟,ticket_price_inquiry
888,كم سعر التذكره من مسقط الى دمشق  بس ذهاب,ticket_price_inquiry
889,كم تكلفة الرحلة بالسوري او بالدولار,ticket_price_inquiry
890,سعر التذكرة من دمشق الى القاهرة,ticket_price_inquiry
891,كم سعر التكت بليز من دمشق إلى اربيل,ticket_price_inquiry
892,كم تكون الرسوم ع كل شخص  لان انا لدي شخص بالغ وطفلين فوق عمر السنتين,ticket_price_inquiry
893,كم سعر التذكرة من دمشق للشارقة بتاريخ عشرين واحد,ticket_price_inquiry
895,ممكن اسالك عن اسعار التذاكر من حلب إلى يريفان,ticket_price_inquiry
896,تكلفة الحجز من سوريا إلى الإمارات ؟,ticket_price_inquiry
897,اريد معرفة تكاليف الحجز ذهاب وإياب الكويت,ticket_price_inquiry
898,أريد أن استفسر عن أسعار الحجز,ticket_price_inquiry
1094,بدي اسأل عن سعر التكت موسكو-دمشق دمشق-موسكو,ticket_price_inquiry
1138,اود ان استفسر على سعر رحلات الطيران من دمشق الى موسكو,ticket_price_inquiry
1145,كم سعر اليطاقة من مسقط الى دمشق في رحلة الغد,ticket_price_inquiry
1162,بل النسبه للسعر بيختلف من سوريا او الامارات,ticket_price_inquiry
1179,مرحبا من بيروت الا روسيا كم تكلفة وانا سوري الجنسبه,ticket_price_inquiry
1181,ماهو سعر بطاقة الطيارة من حلب إلى دمشق,ticket_price_inquiry
1182,سعر التذكره تتراوح بحدود كم ذهاب وعوده,ticket_price_inquiry
1183,كام الحجز من دمشق للشارقة؟,ticket_price_inquiry
1184,اذا ابي احجز من قطر لدمشق كم التكلفه,ticket_price_inquiry
1186,بدي اعرف سعر تذكرة الذهاب الى موسكو,ticket_price_inquiry
1187,وسعر التذكرة للشخص الواحد,ticket_price_inquiry
1188,كيف نعرف الاسعار من الرياض الى دمشق,ticket_price_inquiry
1189,"بدي اسأل عن اسعار التذاكر ، موسكو دمشق لشخصين : بالغ و طفل عمره 8 سنين",ticket_price_inquiry
1190,سعر التكت بتاريخ ٢٠/٢/٢٠٢٣ من مطار دمشق الى مطار إربيل,ticket_price_inquiry
1191,سعر التكت الى ابو ظبي من دمشق سياحية,ticket_price_inquiry
1192,سعر تذكرة طيران من الشارقةّ الى حلب,ticket_price_inquiry
1196,ممكن اعرف تكاليف البطاقة ذهاب واياب الى الشارقة,ticket_price_inquiry
1197,اريد الاستفسار عن سعر الرحلة في تاريخ عشرين الشهر القادم وعودة في للسابع والعشرين,ticket_price_inquiry
1198,بدي اعرف سعر تكت ذهاب واياب منشان احجز من هلق للتاريخ يلي عطيتك ياه لو سمحت,ticket_price_inquiry
1199,كم سعر تذكر فرد واحد من دمشق الي بنغازي,ticket_price_inquiry
1200,كم سعر تكت الطيران ذهاب واياب من دمشق لابو ظبي ؟,ticket_price_inquiry
1201,كم سعر تذكره من حلب إلى شارقه تاريخ قدوم ٢٥/٣ عوده ٢٥/٦,ticket_price_inquiry
1203,كم سعر التذكرة من مطار دمشق الدولي إلى مطار بغداد الدولي,ticket_price_inquiry
1205,كيف ممكن اعرف اسعار الرحلات او العروض من دمشق للبنان؟,ticket_price_inquiry
1206,بدي أسأل عن سعر التكت لوسمحتوا,ticket_price_inquiry
1207,السلام عليكم سعر تذكرة الشارقة اللاذقية,ticket_price_inquiry
1209,كم سعر التذكرة من دمشق الى الرياض,ticket_price_inquiry
1213,بدي اسئل على حجز من دمشق الشارقة كم تكلف,ticket_price_inquiry
1214,تذكرة من الكويت الى دمشق ذهاب 9/3/2023 درجة رجال الأعمال   كم سعرها,ticket_price_inquiry
1215,لو سمحتوا كم التذكرة ذهاب وعودة من مطار دمشق الدولي الى مطار دبي,ticket_price_inquiry
1216,تكلفة السفر للشارقة بتاريخ ١٥ / ٢,ticket_price_inquiry
1217,سعر تذكرة طيران من دمشق الى موسكو في شهر اذار,ticket_price_inquiry
1218,كم تكلفة التذكرة ذهاب إياب من دمشق إلى الشارقة,ticket_price_inquiry
1221,اريد اسال عن اسعار الرحلات من سوريا لماليزيا,ticket_price_inquiry
1222,سعر التذكرة من دمشق الى ابو ظبي شخص واحد بالغ فقط نوع الرحلة سياحية ذهاب فقط,ticket_price_inquiry
1225,كلفه الطيران عوده من بغداد ع دمشق سوريا,ticket_price_inquiry
1226,شو تكلفة السفر من بيروت على ليبيا,ticket_price_inquiry
1227,طيب اذا كان في رحلة الاحد أو الاثنين شقد السعر,ticket_price_inquiry
1228,كم ثمن التذكرة من المانيا الى بيروت ثم الى دمشق,ticket_price_inquiry
1229,كم سعر التذكرة اذا ممكن,ticket_price_inquiry
1231,كم تكلفة السفر من دمشق الى الرياض,ticket_price_inquiry
1233,كم سعر الرحلة,ticket_price_inquiry
1234,اريد معرفة سعر تكت طيران من دمشق الى الاماىات,ticket_price_inquiry
1235,اذا امكن كلفة التذكرة من دمشق الى بغداد ذهاب فقط يوم 4_3-2023 او 5-4-2023,ticket_price_inquiry
1236,كم الحجز من دمشق الى اربيل يفضل يوم الحجز يكون يوم الاربعاء 22/2,ticket_price_inquiry
1237,قديش سعر التذكرة من دمشق للرياض عن طريق الكويت؟,ticket_price_inquiry
1310,بليز سعر التيكت عدبي ذهاب واياب,ticket_price_inquiry
1321,كم سعر التذكرة من دمشق ل ابو ظبي,ticket_price_inquiry
1329,ما سعر بطاقة السغر من حلب الى دبي,ticket_price_inquiry
1330,ما سعر البطاقة الى الشارقة,ticket_price_inquiry
1343,شو سعر التذكرة لو سمحت,ticket_price_inquiry
1349,"مرحبا , لو سمحتوا شو سعر تيكيت من سلطنة عمان لدمشق ذهاب اياب ( الاياب مفتوح غير محدد التاريخ)",ticket_price_inquiry
1377,"كرت طيارة لمطار الشارقة قديش بيكلف اقل شي، وأكثر شي",ticket_price_inquiry
1382,لو سمحتي كم سعر التذكرة من دمشق الى اربيل,ticket_price_inquiry
1386,تكلفة الرحلة من دبي الى دمشق,ticket_price_inquiry
1399,كم سعر التذكرة ذهاب فقط من دمشق إلى مسقط يوم 2مارس,ticket_price_inquiry
1400,لو سمحت شو سعر تذكرة الطيران ل اربيل,ticket_price_inquiry
1408,كم سعر التذكرة ذهاب فقط من مسقط الي مطار دمشق الدولي بتاريخ 9 مارس ؟,ticket_price_inquiry
1409,سعر تذكرة طيران ليبيا,ticket_price_inquiry
1420,كم تكلفة الحجز من دمشق الى مسقط,ticket_price_inquiry
1423,ممكن استفسر عن تكاليف السفر من دمشق لبيروت بشهر 3 لشخص بالغ و طفلين,ticket_price_inquiry
1462,ممكن اعرف تكيكت. الطيارة على مسقط ماذا يكلف,ticket_price_inquiry
1470,كم التكلفة لو سمحت ذهاب اياب الى الشارقة,ticket_price_inquiry
1481,في اعرف من خلالكم التكلفة كام تكون من الشارقة ل دمشق,ticket_price_inquiry
1486,لو سمحتوا حابب اعرف سعر التيكتات لموسكو,ticket_price_inquiry
1492,شقد سعر من دمشق الو الخرطوم,ticket_price_inquiry
1512,الشارقة - دمشق - كلفة التذكرة,ticket_price_inquiry
1539,سعر بطاقة دمشق موسكو ذهاب وإياب,ticket_price_inquiry
1591,سعر التذكرة بس ذهاب من بيروت لدمشق,ticket_price_inquiry
1614,كم سعر البطاقة من اربيل الى الشام,ticket_price_inquiry
1621,سعر تكت دمشق _بيروت في 20 /3,ticket_price_inquiry
1624,كم سعر التذكرة الى النمسا,ticket_price_inquiry
1627,السعر التذكرة من بيروت إلى القامشلي,ticket_price_inquiry
1628,سعر التذكرة من البصرة الى دمشق,ticket_price_inquiry
1630,ممكن اعرف سعر التذكرة من مطار الاذقية الى الشارقة,ticket_price_inquiry
1644,كم تكلفة التذكرة  من دمشق إلى الكويت,ticket_price_inquiry
1645,كم تكلفة حجز التذكرة  من دمشق إلى الكويت,ticket_price_inquiry
1661,سعر التذكرة من حلب الى مطار الشارقة,ticket_price_inquiry
1663,كم سعر التذكرة من دمشق الى اربيل,ticket_price_inquiry
1664,لو سمحت كنت محتاجة اعرف سعر التذكرة من دمشق إلى القاهرة,ticket_price_inquiry
1677,سعر التزكره لو سمحتم,ticket_price_inquiry
1687,ممكن اسعار من دمشق الي الدوحه,ticket_price_inquiry
1693,كم يبلغ سعر تذكرة دمشق موسكو,ticket_price_inquiry
1697,سعر تذكرة دمشق مسقط,ticket_price_inquiry
1704,اديش تكلفة الرحلة بيروت حلب,ticket_price_inquiry
1718,سعر التذكره على اربيل,ticket_price_inquiry
1736,كم سعر التذكره من الدمام إلى دمشق عن طريق الكويت,ticket_price_inquiry
1740,سعرة التذكرة من دمشق الى موسكو فقط ذهاب,ticket_price_inquiry
1753,سعر تذكرة من دمشق للقاهرة؟,ticket_price_inquiry
1770,الأسعار لطفا من الشارقه إلى دمشق ذهاب فقط,ticket_price_inquiry
1771,ممكن استفسر عن سعر تكت,ticket_price_inquiry
1772,صباح الخير شو سعر تذكرة من مسقط ل دمشق,ticket_price_inquiry
1777,هل يمكنني ان اعرف سعر التيكت في تاريخ ١٨/٤ ذخب واياب من الشارقة الى اللاذقية(ذهاب واياب من الشارقة الى اللاذقية),ticket_price_inquiry
1785,تكلفت حجز من بيروت إلى قامشلي,ticket_price_inquiry
1794,كم كلفة الطيران من حلب إلى أرمينيا؟ أو من الشام إلى أرمينيا لشخصين,ticket_price_inquiry
1803,سعر تذكره رحله  سوريا عا اجنحه الشام,ticket_price_inquiry
1806,سعر تكت من دمشق لدبي,ticket_price_inquiry
1832,ممكن سعر التذكره من بغداد الى دمشق يوم ٢٠-٣-٢٠٢٣,ticket_price_inquiry
1876,سعر التذكرة لطفا ذهاب فقط,ticket_price_inquiry
1907,يعطيكن العافية بدي اسأل كم تذكرة الطيارة الى ليبيا بنغازي,ticket_price_inquiry
1915,م تكلفة الشخص البالغ مع ثلاثة اطفال تقريبا الاطفال من 4 سنوات الى,ticket_price_inquiry
1941,لو سمحت سعرة تذكرة من دمشق للكويت خلال هالاسبوعين ذهاب و اياب ؟,ticket_price_inquiry
1947,يمكن معرف سعر تذكرة طيران,ticket_price_inquiry
1953,سعر تكت الطيران من اربيل الى دمشق,ticket_price_inquiry
1959,كم تكلفة تذكرة السفر إلى اربيل,ticket_price_inquiry
1961,كم تكلفة تذكرة السفر إلى اربيل الرجاء الرد,ticket_price_inquiry
1964,تكت ذهاب اياب من الشارقة الى دمشق وبالعكس .. من 30-4الى 21-5 كم السعر ؟,ticket_price_inquiry
1973,سعر تكت من بيروت الى دمشق,ticket_price_inquiry
1987,تمت طيران ذهاب اياب اديش تكلفه هل ايام من الامارات لسوريا وغوده من سوريا لل امارات,ticket_price_inquiry
1996,لو سمحت بدي اسأل حضرتك كم سعر الحجز بتاريخ 28 /4 والعودة بعد شهر ونصف,ticket_price_inquiry
2017,كم ثمن البطاقة ذهاب واياب ارييل حلب اربيل 29اذار,ticket_price_inquiry
2020,سعر التذكرة يوم الثلاثاء,ticket_price_inquiry
2042,كم سعر الحجز تذكره الدرجه السياحيه,ticket_price_inquiry
2069,كم سعر التذكرة ذهابا واياب من دمشق إلى الشارقه,ticket_price_inquiry
2075,اديش سعر التذكره,ticket_price_inquiry
2079,سعر العذكرة من مطار القاهرة الى مطار حلب ذهاب فقط,ticket_price_inquiry
2084,كم سعر البطاقة من موسكو الى الاذقية ذهاب اياب,ticket_price_inquiry
2109,ما اسعار التذاكر من ابو ظبي لدمشق,ticket_price_inquiry
2116,وقديش سعر التذكره ذهاب اياب من مطار حلب لمطار الشارقه,ticket_price_inquiry
2120,ما هي تكلفة التذكرة الواحدة؟,ticket_price_inquiry
2124,كم سعر تذكرة دمشق موسكو دمشق,ticket_price_inquiry
2138,ما تكلفة الرحة الى السعودة,ticket_price_inquiry
2150,واديش سعر التذكره ذهاب واياب,ticket_price_inquiry
2151,سعر تذكرة الطيران من دمشق الى ابو ظبي,ticket_price_inquiry
2155,مسا الخير .. اديه سعر التذكرة من مطار حلب إلى مطار الشارقة ذهاب و عودة .. ؟ وشكرا,ticket_price_inquiry
2171,كم سعر التذكره من الرياض الى القامشلي,ticket_price_inquiry
2186,بدي اعرف اسعار الرحل لموسكو او ماليزيا لشخصين,ticket_price_inquiry
2189,ممكن تعطيني كم السعر للحجز تذكرة من الشام للبنان,ticket_price_inquiry
2195,اديش من الشام للبنان,ticket_price_inquiry
2221,السلام عليكم ممكن نعرف سعر التذكرة لمصر,ticket_price_inquiry
2224,كم سعر تاريخ 15 اربعه عل مطار دمشق,ticket_price_inquiry
2226,السلام عليكم ممكن اعرف تكلفة الحجز من دمشق الى النجف أو إلى بغداد,ticket_price_inquiry
2233,ممكن سعر تذاكر السفر الى اربيل لشخصين بالغين وطفلان,ticket_price_inquiry
2237,بدي احجز على أربيل شو سعر التذكرة ذهاب فقط,ticket_price_inquiry
2248,ممكن اعرف سعر التكت,ticket_price_inquiry
2269,رحلة من الشارقة ل مطار دمشق بي 10 الشهر ذهاب و إياب كم سعر التذكرة,ticket_price_inquiry
2285,عفوا رحلة الشارقة - حلب في تاريخ 12 الشهر القادم نيسان ذهاب فقط كم التكلفة على الدولار؟,ticket_price_inquiry
2289,بعد اذنكم شو سعر تذكرة الطيران لبغداد,ticket_price_inquiry
2299,معلم بدي اطلع من دمشق على مسقط  ممكن اعرف سعر التذكرة,ticket_price_inquiry
2305,اريد معرفة تكلفة التذكرة الى اربيل لاربع اشخاص بينهم طفلان,ticket_price_inquiry
2306,ممكن اعرف الرحلة من اللاذقيه عالشارقه شو بتكلف,ticket_price_inquiry
2325,دهاب من ليبيا الى سوريا كم التكلفة,ticket_price_inquiry
